insert into baseUser (nid, userName, fatherName, motherName, gender, contactNo, email, dob, address, adminApproval, role, password) values ('3538760418084467', 'anubhav shrivastab', 'jang bahadur', 'laxmi  kumari', 1, '311-730-7451', 'acanepe0@1und1.de', '1994-08-17', 'Suite 46', 1, 'TEACHER', 2013);
insert into baseUser (nid, userName, fatherName, motherName, gender, contactNo, email, dob, address, adminApproval, role, password) values ('3551145188641765', 'mohd aakib', 'harman singh', 'rosy massey', 2, '976-146-3416', 'hwalding1@redcross.org', '1973-03-04', 'PO Box 65784', 1, 'TEACHER', 1993);
insert into baseUser (nid, userName, fatherName, motherName, gender, contactNo, email, dob, address, adminApproval, role, password) values ('3563913662929246', 'ram kumar', 'kamre alam', 'swati thakur', 1, '993-279-2510', 'ncolter2@rediff.com', '1988-04-04', '18th Floor', 0, 'TEACHER', 1996);
insert into baseUser (nid, userName, fatherName, motherName, gender, contactNo, email, dob, address, adminApproval, role, password) values ('6706975400528217', 'sheak shakir', 'mohd. mukhtaar', 'kumari shivani', 2, '909-426-3120', 'abollans3@cbsnews.com', '1971-03-30', 'Room 247', 1, 'TEACHER', 2001);
insert into baseUser (nid, userName, fatherName, motherName, gender, contactNo, email, dob, address, adminApproval, role, password) values ('3584236856853328', 'doodhnath pandit', 'shankar kumar', 'kajal choudhary', 1, '285-228-7928', 'wteresia4@bandcamp.com', '1990-11-28', 'Room 1771', 1, 'TEACHER', 2004);
insert into baseUser (nid, userName, fatherName, motherName, gender, contactNo, email, dob, address, adminApproval, role, password) values ('3583269165228073', 'arvind kumar yadav', 'suresh kumar', 'smt rubi', 1, '188-304-3728', 'glanchester5@phoca.cz', '1996-04-30', 'Room 170', 0, 'TEACHER', 2007);
insert into baseUser (nid, userName, fatherName, motherName, gender, contactNo, email, dob, address, adminApproval, role, password) values ('5100141514133750', 'supriyal sen', 'ram pyare', 'sudha kumari', 1, '583-911-8336', 'bcornforth6@dion.ne.jp', '1990-03-07', 'Apt 559', 1, 'TEACHER', 2001);
insert into baseUser (nid, userName, fatherName, motherName, gender, contactNo, email, dob, address, adminApproval, role, password) values ('30380180836231', 'vinit katariya', 'ram pyare', 'divya kawar', 1, '865-822-3673', 'bcharville7@census.gov', '1984-02-23', 'Apt 300', 1, 'TEACHER', 2012);
insert into baseUser (nid, userName, fatherName, motherName, gender, contactNo, email, dob, address, adminApproval, role, password) values ('4026854335660801', 'jitender kumar', 'mohammad ali', 'geeta devi', 2, '338-246-9398', 'kpauel8@senate.gov', '1986-06-29', 'Suite 41', 1, 'TEACHER', 2001);
insert into baseUser (nid, userName, fatherName, motherName, gender, contactNo, email, dob, address, adminApproval, role, password) values ('5331615289061065', 'nanku prasad', 'raja kumar', 'usha devi', 1, '232-900-4950', 'lhensmans9@va.gov', '1975-04-28', 'PO Box 37770', 1, 'TEACHER', 2005);
insert into baseUser (nid, userName, fatherName, motherName, gender, contactNo, email, dob, address, adminApproval, role, password) values ('30058167433541', 'ramdin verma', 'neeraj kandari', 'pooja & his daughter partigya', 1, '343-856-0030', 'dpibwortha@vinaora.com', '1990-12-16', 'Apt 1498', 1, 'TEACHER', 2006);
insert into baseUser (nid, userName, fatherName, motherName, gender, contactNo, email, dob, address, adminApproval, role, password) values ('5100142767026568', 'rahul kumar', 'mukhtyar hussain', 'leela with a child', 2, '521-709-6066', 'rovingtonb@gnu.org', '1993-07-05', 'Apt 1462', 1, 'TEACHER', 1996);
insert into baseUser (nid, userName, fatherName, motherName, gender, contactNo, email, dob, address, adminApproval, role, password) values ('3528816745530556', 'moti lal', 'girishi chand', 'pooja kumari', 1, '548-624-7117', 'mzuppac@auda.org.au', '1976-11-10', '17th Floor', 1, 'TEACHER', 2001);
insert into baseUser (nid, userName, fatherName, motherName, gender, contactNo, email, dob, address, adminApproval, role, password) values ('3559011559429028', 'pooran chand sharma', 'mahabir prasad', 'raj kumari', 2, '386-442-3103', 'mcastelletd@google.cn', '1977-10-15', '5th Floor', 1, 'TEACHER', 2007);
insert into baseUser (nid, userName, fatherName, motherName, gender, contactNo, email, dob, address, adminApproval, role, password) values ('3556649468848185', 'pulkit sharma', 'sujen manjhi', 'tapas das', 2, '422-239-2629', 'ltrewe@linkedin.com', '1993-10-13', 'Room 1935', 0, 'TEACHER', 1984);
insert into baseUser (nid, userName, fatherName, motherName, gender, contactNo, email, dob, address, adminApproval, role, password) values ('201654766981576', 'shiv kumar', 'bhanwar lal', 'deeya kumari', 1, '603-699-0229', 'fcowhigf@blogspot.com', '1994-03-15', 'PO Box 38879', 0, 'TEACHER', 1984);
insert into baseUser (nid, userName, fatherName, motherName, gender, contactNo, email, dob, address, adminApproval, role, password) values ('376573794883605', 'vikram singh', 'harbir  singh', 'bulbul  devi', 2, '432-417-4063', 'lmcguirkg@samsung.com', '1987-12-29', 'PO Box 59068', 1, 'TEACHER', 2001);
insert into baseUser (nid, userName, fatherName, motherName, gender, contactNo, email, dob, address, adminApproval, role, password) values ('3549076418619401', 'supriyal sen', 'parash das', 'yogita tiwari', 1, '929-652-4102', 'larnaudoth@angelfire.com', '1992-04-23', '13th Floor', 0, 'TEACHER', 1998);
insert into baseUser (nid, userName, fatherName, motherName, gender, contactNo, email, dob, address, adminApproval, role, password) values ('6331100123954864', 'maansingh aswal', 'mohd afzal', 'bulbul  devi', 1, '799-738-9908', 'blunneyi@usa.gov', '1980-10-31', 'Apt 524', 1, 'TEACHER', 1996);
insert into baseUser (nid, userName, fatherName, motherName, gender, contactNo, email, dob, address, adminApproval, role, password) values ('3579118573297616', 'vinit katariya', 'nikhleshwar bhagat', 'leela with a child', 1, '743-402-1162', 'esalsburyj@unblog.fr', '1974-02-07', 'PO Box 81343', 1, 'TEACHER', 2003);
insert into baseUser (nid, userName, fatherName, motherName, gender, contactNo, email, dob, address, adminApproval, role, password) values ('30247309759430', 'birender mandal', 'naval kishore', 'amar deep kaur', 2, '731-581-7197', 'sbreak@earthlink.net', '1975-03-26', 'PO Box 20851', 0, 'TEACHER', 2004);
insert into baseUser (nid, userName, fatherName, motherName, gender, contactNo, email, dob, address, adminApproval, role, password) values ('358705155024050', 'pooran chand sharma', 'manoj kumar', 'susila gudiya', 1, '297-847-9796', 'omcelreel@chicagotribune.com', '1976-01-09', 'Apt 1970', 0, 'TEACHER', 1996);
insert into baseUser (nid, userName, fatherName, motherName, gender, contactNo, email, dob, address, adminApproval, role, password) values ('346194310441666', 'mohd shahid', 'amit kumar yadav', 'radha devi', 2, '390-331-2702', 'tsheildsm@ehow.com', '1972-07-10', '19th Floor', 0, 'TEACHER', 2011);
insert into baseUser (nid, userName, fatherName, motherName, gender, contactNo, email, dob, address, adminApproval, role, password) values ('675948344926384', 'vikram singh', '', 'roshini praveen', 1, '865-649-7590', 'mpaullinn@wisc.edu', '1981-08-08', 'Room 1313', 1, 'TEACHER', 2011);
insert into baseUser (nid, userName, fatherName, motherName, gender, contactNo, email, dob, address, adminApproval, role, password) values ('30199337404861', 'vijay virmani', 'khokan sarkar', 'rizwana khatun', 2, '918-846-2278', 'skamiyamao@eventbrite.com', '1987-05-30', '12th Floor', 1, 'TEACHER', 2007);
insert into baseUser (nid, userName, fatherName, motherName, gender, contactNo, email, dob, address, adminApproval, role, password) values ('5100140066427685', 'lalit rana', 'sunil kumar', 'ekta chauhan', 1, '297-593-5860', 'lfydop@printfriendly.com', '1981-12-14', 'PO Box 93838', 0, 'TEACHER', 1999);
insert into baseUser (nid, userName, fatherName, motherName, gender, contactNo, email, dob, address, adminApproval, role, password) values ('633110259589181', 'gurmit singh', 'mohammad ali', 'laxmi  kumari', 2, '162-757-5336', 'tcolingq@soundcloud.com', '1973-08-01', '13th Floor', 0, 'TEACHER', 1995);
insert into baseUser (nid, userName, fatherName, motherName, gender, contactNo, email, dob, address, adminApproval, role, password) values ('3566641143829662', 'nanku prasad', 'kishan rai', 'noor bano', 2, '505-659-5287', 'eclackr@unc.edu', '1989-08-31', 'PO Box 85740', 0, 'TEACHER', 1984);
insert into baseUser (nid, userName, fatherName, motherName, gender, contactNo, email, dob, address, adminApproval, role, password) values ('3582320440323337', 'ram singh', 'pramod paswan', 'km sunita', 2, '650-124-5895', 'kloftuss@npr.org', '1989-04-08', 'Room 1774', 0, 'TEACHER', 2008);
insert into baseUser (nid, userName, fatherName, motherName, gender, contactNo, email, dob, address, adminApproval, role, password) values ('3551608123207513', 'som dutt', 'mohammad ali', 'meena devi', 2, '576-917-6572', 'galbertsont@4shared.com', '1994-11-06', 'Suite 4', 1, 'TEACHER', 2003);
insert into baseUser (nid, userName, fatherName, motherName, gender, contactNo, email, dob, address, adminApproval, role, password) values ('3532717703796292', 'shiv shakti singh', 'pramod paswan', 'pooja kanwar', 1, '361-101-0887', 'aalentyevu@t.co', '1989-09-21', '8th Floor', 1, 'TEACHER', 1987);
insert into baseUser (nid, userName, fatherName, motherName, gender, contactNo, email, dob, address, adminApproval, role, password) values ('3551030097958239', 'khadak singh', 'amit kumar', 'riya masi', 2, '396-280-5272', 'agiacomettiv@google.de', '1995-09-04', 'Apt 605', 0, 'TEACHER', 2005);
insert into baseUser (nid, userName, fatherName, motherName, gender, contactNo, email, dob, address, adminApproval, role, password) values ('3565734585367696', 'kamal jit singh', 'mahender kumar', 'meena devi', 2, '588-964-9141', 'dbennallckw@nasa.gov', '1991-11-16', 'Apt 857', 1, 'TEACHER', 1996);
insert into baseUser (nid, userName, fatherName, motherName, gender, contactNo, email, dob, address, adminApproval, role, password) values ('3553790424421692', 'sandeep kumar', 'mohd afzal', 'raj kumari', 2, '823-323-3945', 'leverlyx@reverbnation.com', '1985-12-22', 'Apt 1543', 1, 'TEACHER', 2008);
insert into baseUser (nid, userName, fatherName, motherName, gender, contactNo, email, dob, address, adminApproval, role, password) values ('3547407007369839', 'som dutt', 'kishan rai', 'sudha kumari', 1, '213-200-1548', 'efalknery@ox.ac.uk', '1983-05-15', 'Room 414', 0, 'TEACHER', 2009);
insert into baseUser (nid, userName, fatherName, motherName, gender, contactNo, email, dob, address, adminApproval, role, password) values ('201582879028060', 'birender mandal', 'mahabir prasad', 'juneb bano', 1, '805-226-1130', 'mreihillz@state.gov', '1992-07-22', 'Apt 73', 1, 'TEACHER', 1987);
insert into baseUser (nid, userName, fatherName, motherName, gender, contactNo, email, dob, address, adminApproval, role, password) values ('201567475790874', 'subhash chand bhatia', 'arman ansari', 'layba noor', 2, '800-720-3801', 'jreicherz10@youtube.com', '1974-09-12', 'Room 1131', 0, 'TEACHER', 1993);
insert into baseUser (nid, userName, fatherName, motherName, gender, contactNo, email, dob, address, adminApproval, role, password) values ('3589084755030068', 'rahul sharma', 'satish kumar', 'bulbul  devi', 2, '967-426-9475', 'jcreagh11@hatena.ne.jp', '1981-04-07', 'Room 597', 1, 'TEACHER', 2001);
insert into baseUser (nid, userName, fatherName, motherName, gender, contactNo, email, dob, address, adminApproval, role, password) values ('3569779478477736', 'mohan singh', 'nikhleshwar bhagat', 'ruksana bano with her son or daughter', 2, '372-572-0031', 'rhoyt12@msu.edu', '1986-07-06', '17th Floor', 1, 'TEACHER', 1991);
insert into baseUser (nid, userName, fatherName, motherName, gender, contactNo, email, dob, address, adminApproval, role, password) values ('3571040470464883', 'rahul sharma', 'md. raju', 'kanika kathuria', 2, '357-792-5932', 'abartalini13@jalbum.net', '1987-11-10', 'Apt 244', 1, 'TEACHER', 1988);
insert into baseUser (nid, userName, fatherName, motherName, gender, contactNo, email, dob, address, adminApproval, role, password) values ('375430472077334', 'devinder chadda', 'jai prakash kashyap', 'noor bano', 1, '968-939-8956', 'dweston14@cornell.edu', '1985-06-24', 'Apt 1818', 1, 'TEACHER', 1995);
insert into baseUser (nid, userName, fatherName, motherName, gender, contactNo, email, dob, address, adminApproval, role, password) values ('5002355363158192', 'pooran chand', 'raman ralhan', 'pooja kanwar', 2, '770-268-9270', 'cruddell15@netvibes.com', '1989-10-11', 'PO Box 72696', 1, 'TEACHER', 1992);
insert into baseUser (nid, userName, fatherName, motherName, gender, contactNo, email, dob, address, adminApproval, role, password) values ('30044009704083', 'jitender kumar', 'pavan sharma', 'ekta chauhan', 2, '502-552-5702', 'iitzhak16@irs.gov', '1995-09-20', 'PO Box 97462', 0, 'TEACHER', 2005);
insert into baseUser (nid, userName, fatherName, motherName, gender, contactNo, email, dob, address, adminApproval, role, password) values ('201881251796140', 'keshar ansari', 'prem chand', 'gulafsa khatun', 2, '376-665-3697', 'twisniowski17@mac.com', '1993-01-09', 'PO Box 91915', 0, 'TEACHER', 2002);
insert into baseUser (nid, userName, fatherName, motherName, gender, contactNo, email, dob, address, adminApproval, role, password) values ('675960730056151', 'lalit rana', 'hari ram', 'km sunita', 1, '930-813-8802', 'dpinks18@networksolutions.com', '1973-05-14', 'Apt 669', 1, 'TEACHER', 1994);
insert into baseUser (nid, userName, fatherName, motherName, gender, contactNo, email, dob, address, adminApproval, role, password) values ('5112304607133089', 'jahoor ahmed meer', 'raja kumar', 'swati thakur', 1, '333-180-0525', 'afyfield19@hubpages.com', '1996-01-23', '15th Floor', 1, 'TEACHER', 2010);
insert into baseUser (nid, userName, fatherName, motherName, gender, contactNo, email, dob, address, adminApproval, role, password) values ('374283838978591', 'sheak shakir', 'sobit saini', 'aarti devi', 1, '602-900-9410', 'pchainey1a@hp.com', '1981-12-04', '9th Floor', 1, 'TEACHER', 1994);
insert into baseUser (nid, userName, fatherName, motherName, gender, contactNo, email, dob, address, adminApproval, role, password) values ('6334263606434391', 'punit khandelwal', 'charan jeet singh', 'anjali juneja', 1, '212-649-1770', 'kmiroy1b@people.com.cn', '1973-08-23', 'PO Box 34155', 0, 'TEACHER', 1994);
insert into baseUser (nid, userName, fatherName, motherName, gender, contactNo, email, dob, address, adminApproval, role, password) values ('3539693110565641', 'khadak singh', 'suraj singh', 'radha devi', 1, '332-402-8273', 'sfateley1c@latimes.com', '1997-07-14', 'PO Box 71312', 1, 'TEACHER', 2009);
insert into baseUser (nid, userName, fatherName, motherName, gender, contactNo, email, dob, address, adminApproval, role, password) values ('3568448267734886', 'sandeep kumar', 'naval kishore', 'payal goyala', 2, '952-938-8328', 'hkubach1d@bluehost.com', '1975-12-25', '9th Floor', 1, 'TEACHER', 2002);
insert into baseUser (nid, userName, fatherName, motherName, gender, contactNo, email, dob, address, adminApproval, role, password) values ('5100134547468590', 'nahar singh', 'mukhtyar hussain', 'any bobby', 2, '828-131-1617', 'ahendrich1e@tamu.edu', '1993-10-25', '18th Floor', 1, 'TEACHER', 1998);
insert into baseUser (nid, userName, fatherName, motherName, gender, contactNo, email, dob, address, adminApproval, role, password) values ('5237527432782072', 'sandeep kumar', 'hari ram', 'ku dolly', 1, '817-643-3138', 'jferro1f@amazon.co.uk', '1979-07-13', '12th Floor', 1, 'TEACHER', 1965);
insert into baseUser (nid, userName, fatherName, motherName, gender, contactNo, email, dob, address, adminApproval, role, password) values ('6304165854406916', 'keshar ansari', 'shubham yadav', 'pooja & his daughter partigya', 1, '929-855-9889', 'hmaevela1g@last.fm', '1989-07-08', 'Suite 54', 0, 'TEACHER', 2008);
insert into baseUser (nid, userName, fatherName, motherName, gender, contactNo, email, dob, address, adminApproval, role, password) values ('5602216123881808', 'bhola sarkar', 'pritam singh', 'radha devi', 2, '565-872-6111', 'tmeneux1h@ucsd.edu', '1976-09-09', 'Suite 16', 0, 'TEACHER', 2005);
insert into baseUser (nid, userName, fatherName, motherName, gender, contactNo, email, dob, address, adminApproval, role, password) values ('3530791390570049', 'raja babu', 'vivek sharma', 'smt shyani devi', 2, '977-614-7646', 'bkinlock1i@51.la', '1980-10-27', '8th Floor', 0, 'TEACHER', 1998);
insert into baseUser (nid, userName, fatherName, motherName, gender, contactNo, email, dob, address, adminApproval, role, password) values ('5424748583820585', 'kamal jit singh', 'pawan kumar', 'nikita senger', 1, '758-778-1688', 'rgravet1j@marketwatch.com', '1998-08-27', 'PO Box 70733', 0, 'TEACHER', 2008);
insert into baseUser (nid, userName, fatherName, motherName, gender, contactNo, email, dob, address, adminApproval, role, password) values ('5108754443767746', 'yash mittal', 'ramkaran verma', 'sagar', 2, '893-265-8870', 'aquaife1k@timesonline.co.uk', '1997-12-24', '13th Floor', 0, 'TEACHER', 2008);
insert into baseUser (nid, userName, fatherName, motherName, gender, contactNo, email, dob, address, adminApproval, role, password) values ('3531388578553993', 'vinit katariya', 'manish garg', 'susila gudiya', 2, '700-431-0084', 'fleman1l@cdbaby.com', '1994-04-23', 'Room 828', 1, 'TEACHER', 2006);
insert into baseUser (nid, userName, fatherName, motherName, gender, contactNo, email, dob, address, adminApproval, role, password) values ('3542691140640397', 'mohabbat ali', 'vikas gupta', 'neha siddiki', 2, '544-979-1874', 'lbrands1m@mediafire.com', '1973-03-05', '16th Floor', 1, 'TEACHER', 1994);
insert into baseUser (nid, userName, fatherName, motherName, gender, contactNo, email, dob, address, adminApproval, role, password) values ('5007666978196491', 'shiv prakash', 'shiv prasad singh', 'nilam devi', 2, '614-451-5480', 'karlidge1n@yellowpages.com', '1978-10-16', 'PO Box 62367', 1, 'TEACHER', 2009);
insert into baseUser (nid, userName, fatherName, motherName, gender, contactNo, email, dob, address, adminApproval, role, password) values ('3559183076702201', 'mohan kumar', 'vijay singh', 'noor bano', 1, '257-358-1033', 'fnovak1o@mediafire.com', '1979-01-01', 'Room 190', 1, 'TEACHER', 2002);
insert into baseUser (nid, userName, fatherName, motherName, gender, contactNo, email, dob, address, adminApproval, role, password) values ('5002353129906756', 'dipendra kumar', 'rohit kumar', 'reena devi', 1, '193-692-3810', 'mklees1p@cnbc.com', '1997-02-05', '1st Floor', 1, 'TEACHER', 2007);
insert into baseUser (nid, userName, fatherName, motherName, gender, contactNo, email, dob, address, adminApproval, role, password) values ('4508367116553381', 'vivek auhari', 'rohit kumar', 'hamida khatun', 2, '250-627-7713', 'dcrack1q@yale.edu', '1990-07-21', 'Suite 61', 0, 'TEACHER', 2002);
insert into baseUser (nid, userName, fatherName, motherName, gender, contactNo, email, dob, address, adminApproval, role, password) values ('3553214854646298', 'farmaan khan', 'gopal sharma', 'raj kumari', 2, '805-602-2413', 'sbain1r@bing.com', '1988-05-19', 'Suite 46', 1, 'TEACHER', 2001);
insert into baseUser (nid, userName, fatherName, motherName, gender, contactNo, email, dob, address, adminApproval, role, password) values ('3547161348651070', 'gurmit singh', 'bhanwar lal', 'meena kumari', 2, '181-411-7881', 'tloffhead1s@creativecommons.org', '1972-08-05', 'Apt 1548', 1, 'TEACHER', 2011);
insert into baseUser (nid, userName, fatherName, motherName, gender, contactNo, email, dob, address, adminApproval, role, password) values ('3555914103415811', 'kausal kumar', 'jai prakash kashyap', 'anita devi', 1, '932-900-0162', 'rkitto1t@google.ru', '1979-11-26', '11th Floor', 1, 'TEACHER', 1998);
insert into baseUser (nid, userName, fatherName, motherName, gender, contactNo, email, dob, address, adminApproval, role, password) values ('5641828687434736', 'ram kumar', 'parash das', 'munbura bibi', 1, '298-703-4348', 'lpizey1u@loc.gov', '1977-12-22', '12th Floor', 1, 'TEACHER', 1993);
insert into baseUser (nid, userName, fatherName, motherName, gender, contactNo, email, dob, address, adminApproval, role, password) values ('6762629672496720', 'kali charan', 'ramkaran verma', 'pooja jayshwal', 1, '212-237-0510', 'nchatwin1v@npr.org', '1986-11-10', 'PO Box 85145', 1, 'TEACHER', 1994);
insert into baseUser (nid, userName, fatherName, motherName, gender, contactNo, email, dob, address, adminApproval, role, password) values ('3559285908891076', 'sandeep meghawal', 'sunil kumar', 'priya sexena', 1, '942-141-7303', 'lduggon1w@vistaprint.com', '1975-04-16', 'Suite 22', 1, 'TEACHER', 2001);
insert into baseUser (nid, userName, fatherName, motherName, gender, contactNo, email, dob, address, adminApproval, role, password) values ('6767177554166500', 'kuldeep singh', 'harman singh', 'nilam devi', 2, '892-128-9599', 'bforsdicke1x@ow.ly', '1971-04-29', 'Room 967', 0, 'TEACHER', 2003);
insert into baseUser (nid, userName, fatherName, motherName, gender, contactNo, email, dob, address, adminApproval, role, password) values ('67719429702073023', 'preetam kumar', 'pintu kumar', 'dhanwanti  devi', 2, '263-595-8222', 'atellenbrok1y@myspace.com', '1974-09-11', 'Apt 387', 0, 'TEACHER', 1986);
insert into baseUser (nid, userName, fatherName, motherName, gender, contactNo, email, dob, address, adminApproval, role, password) values ('5610611235356149', 'shiv prakash', 'amit kumar', 'pooja & his daughter partigya', 2, '782-698-0664', 'pchristmas1z@imageshack.us', '1982-04-17', 'PO Box 14694', 0, 'TEACHER', 1995);
insert into baseUser (nid, userName, fatherName, motherName, gender, contactNo, email, dob, address, adminApproval, role, password) values ('4508900132754979', 'ram kumar', 'jai prakash kashyap', '', 2, '383-834-0589', 'jpakenham20@sbwire.com', '1992-12-23', '17th Floor', 1, 'TEACHER', 2006);
insert into baseUser (nid, userName, fatherName, motherName, gender, contactNo, email, dob, address, adminApproval, role, password) values ('630461250614911', 'vansu dev', 'harbir  singh', 'rinku malav', 1, '259-741-2201', 'kcastelluzzi21@t-online.de', '1989-08-05', 'Room 1642', 0, 'TEACHER', 1987);
insert into baseUser (nid, userName, fatherName, motherName, gender, contactNo, email, dob, address, adminApproval, role, password) values ('3587635360928277', 'badshya khan', 'suresh kumar', 'smt dhapa devi', 2, '780-436-3295', 'shissie22@mayoclinic.com', '1982-09-24', 'Suite 5', 0, 'TEACHER', 2000);
insert into baseUser (nid, userName, fatherName, motherName, gender, contactNo, email, dob, address, adminApproval, role, password) values ('5602244447653200', 'sharat chandran', 'gopal sharma', 'laxmi  kumari', 2, '249-114-5159', 'golorenshaw23@admin.ch', '1972-12-29', 'PO Box 43776', 1, 'TEACHER', 1985);
insert into baseUser (nid, userName, fatherName, motherName, gender, contactNo, email, dob, address, adminApproval, role, password) values ('502051418811471', 'vansu dev', 'mohd miraj ansari', 'ranu tiwari', 1, '349-885-5079', 'rbowie24@ustream.tv', '1972-10-23', 'Room 1869', 0, 'TEACHER', 1996);
insert into baseUser (nid, userName, fatherName, motherName, gender, contactNo, email, dob, address, adminApproval, role, password) values ('490561817478831', 'riyasat ali', 'haseen ahmed', 'pooja jayshwal', 2, '170-289-1548', 'fmacilhargy25@aboutads.info', '1988-09-16', 'Apt 1782', 0, 'TEACHER', 1990);
insert into baseUser (nid, userName, fatherName, motherName, gender, contactNo, email, dob, address, adminApproval, role, password) values ('5018823991551171', 'aslam allam', 'amit kumar yadav', 'leela with a child', 2, '409-154-3388', 'lhavard26@parallels.com', '1986-10-24', 'Room 1525', 0, 'TEACHER', 1992);
insert into baseUser (nid, userName, fatherName, motherName, gender, contactNo, email, dob, address, adminApproval, role, password) values ('4041373625896', 'neeraj kumar', 'veer bhan singh', 'ekta chauhan', 1, '127-173-3207', 'flere27@mtv.com', '1980-12-16', 'Apt 286', 0, 'TEACHER', 2012);
insert into baseUser (nid, userName, fatherName, motherName, gender, contactNo, email, dob, address, adminApproval, role, password) values ('5221712672037688', 'ravindra kumar', 'vivek sharma', 'shiv kumari', 1, '750-423-1021', 'dhulmes28@sphinn.com', '1972-01-19', '12th Floor', 0, 'TEACHER', 1999);
insert into baseUser (nid, userName, fatherName, motherName, gender, contactNo, email, dob, address, adminApproval, role, password) values ('4026839185016626', 'anubhav shrivastab', 'ramkaran verma', 'smt sunita', 2, '937-844-4135', 'dhemshall29@statcounter.com', '1997-06-06', 'Suite 73', 1, 'TEACHER', 2002);
insert into baseUser (nid, userName, fatherName, motherName, gender, contactNo, email, dob, address, adminApproval, role, password) values ('372301003864826', 'mohd aakib', 'manoj kumar', 'laxmi devi', 2, '145-516-5880', 'eharsent2a@blinklist.com', '1982-09-25', 'Apt 1313', 1, 'TEACHER', 2011);
insert into baseUser (nid, userName, fatherName, motherName, gender, contactNo, email, dob, address, adminApproval, role, password) values ('3566585020950044', 'punit khandelwal', 'parveen aggarwal', 'deeya kumari', 2, '947-804-3482', 'smacneilage2b@ovh.net', '1986-04-12', '5th Floor', 0, 'TEACHER', 2011);
insert into baseUser (nid, userName, fatherName, motherName, gender, contactNo, email, dob, address, adminApproval, role, password) values ('6761636822501547', 'rahul sharma', 'mukul verma', 'gurdeep kaur', 1, '129-125-6240', 'vaylwin2c@google.com.au', '1990-06-24', 'Apt 1276', 0, 'TEACHER', 2009);
insert into baseUser (nid, userName, fatherName, motherName, gender, contactNo, email, dob, address, adminApproval, role, password) values ('347946592837146', 'ramdin verma', 'khokan sarkar', 'meena kumari', 1, '293-608-9080', 'mfyfe2d@flickr.com', '1975-08-30', 'Room 1385', 1, 'TEACHER', 1999);
insert into baseUser (nid, userName, fatherName, motherName, gender, contactNo, email, dob, address, adminApproval, role, password) values ('633110183302313', 'mohabbat ali', 'manish garg', 'farida begam', 1, '962-468-4071', 'jzemler2e@de.vu', '1983-05-25', '20th Floor', 0, 'TEACHER', 1995);
insert into baseUser (nid, userName, fatherName, motherName, gender, contactNo, email, dob, address, adminApproval, role, password) values ('5602234103277964', 'dharam singh', 'rajiv bagoriya', 'seema khatun', 2, '785-414-3308', 'dwhittall2f@latimes.com', '1995-12-22', 'Room 170', 0, 'TEACHER', 2008);
insert into baseUser (nid, userName, fatherName, motherName, gender, contactNo, email, dob, address, adminApproval, role, password) values ('3529566414806311', 'jitender kumar', 'ramkaran verma', 'yogita tiwari', 1, '687-648-4454', 'rpierrepoint2g@europa.eu', '1981-08-25', 'Suite 19', 1, 'TEACHER', 2008);
insert into baseUser (nid, userName, fatherName, motherName, gender, contactNo, email, dob, address, adminApproval, role, password) values ('4936497761684231', 'vansu dev', 'jai prakash kashyap', 'kiran devi', 1, '114-774-0694', 'jhargreaves2h@jigsy.com', '1985-08-29', 'Suite 74', 1, 'TEACHER', 2004);
insert into baseUser (nid, userName, fatherName, motherName, gender, contactNo, email, dob, address, adminApproval, role, password) values ('4175003601524403', 'mohan kumar', 'ramkaran verma', 'laxmi  kumari', 2, '110-468-8082', 'tmassey2i@google.de', '1974-07-08', 'PO Box 92200', 1, 'TEACHER', 1998);
insert into baseUser (nid, userName, fatherName, motherName, gender, contactNo, email, dob, address, adminApproval, role, password) values ('30291222181348', 'mohan kumar', 'harman singh', 'farida begam', 1, '892-666-1736', 'cinglesent2j@biblegateway.com', '1991-03-31', 'PO Box 43702', 1, 'TEACHER', 1994);
insert into baseUser (nid, userName, fatherName, motherName, gender, contactNo, email, dob, address, adminApproval, role, password) values ('3553848864092652', 'mohan singh', 'suraj singh', 'leela with a child', 2, '404-165-6350', 'lgriswaite2k@jalbum.net', '1997-01-04', 'Suite 11', 0, 'TEACHER', 2003);
insert into baseUser (nid, userName, fatherName, motherName, gender, contactNo, email, dob, address, adminApproval, role, password) values ('201501974501219', 'raj kumar', 'sahil tigga', 'raj kumari', 1, '991-958-8364', 'ssimonazzi2l@wikia.com', '1991-11-28', 'Apt 1623', 0, 'TEACHER', 2010);
insert into baseUser (nid, userName, fatherName, motherName, gender, contactNo, email, dob, address, adminApproval, role, password) values ('3573278949284452', 'vinit katariya', 'ram pyare', 'any bobby', 1, '935-142-4665', 'rbrealey2m@hexun.com', '1976-02-07', 'Room 103', 0, 'TEACHER', 1990);
insert into baseUser (nid, userName, fatherName, motherName, gender, contactNo, email, dob, address, adminApproval, role, password) values ('5443764528101509', 'vikram singh', 'raman ralhan', 'geeta devi', 2, '514-510-8099', 'sbasillon2n@microsoft.com', '1986-07-31', 'PO Box 45953', 0, 'TEACHER', 2011);
insert into baseUser (nid, userName, fatherName, motherName, gender, contactNo, email, dob, address, adminApproval, role, password) values ('4041599188104800', 'kailash kumar', 'amit kumar yadav', 'ku dolly', 2, '301-278-1059', 'bdittson2o@chronoengine.com', '1988-08-31', 'Room 1219', 1, 'TEACHER', 1995);
insert into baseUser (nid, userName, fatherName, motherName, gender, contactNo, email, dob, address, adminApproval, role, password) values ('56102710361301768', 'vivek auhari', 'girishi chand', 'ruksana bano with her son or daughter', 1, '593-289-7137', 'lmccoll2p@topsy.com', '1985-05-23', 'PO Box 64267', 0, 'TEACHER', 2012);
insert into baseUser (nid, userName, fatherName, motherName, gender, contactNo, email, dob, address, adminApproval, role, password) values ('3543976437185001', 'devinder chadda', 'mukul verma', 'pooja kashyap', 2, '835-816-6171', 'cmowling2q@shutterfly.com', '1980-12-24', 'PO Box 1583', 0, 'TEACHER', 2012);
insert into baseUser (nid, userName, fatherName, motherName, gender, contactNo, email, dob, address, adminApproval, role, password) values ('50385671769996693', 'babalu sen', 'inder dutt', 'usha devi', 1, '797-197-3712', 'cpiddlesden2r@ox.ac.uk', '1988-03-23', 'Suite 15', 1, 'TEACHER', 1997);


insert into teacher (teacherId, eduQualification, expertise) values ('3538760418084467', 'Bsc. In Software Engineering', 'Machine Learning');
insert into teacher (teacherId, eduQualification, expertise) values ('3551145188641765','Bsc. In Software Engineering', 'System Analyst');
insert into teacher (teacherId, eduQualification, expertise) values ('3563913662929246','Bsc. In Software Engineering', 'Microprocessor');
insert into teacher (teacherId, eduQualification, expertise) values ('6706975400528217','Msc. In CSE', 'Microprocessor');
insert into teacher (teacherId, eduQualification, expertise) values ('3584236856853328', 'Bsc. In Software Engineering', 'Embedded System');
insert into teacher (teacherId, eduQualification, expertise) values ('3583269165228073', 'Bsc. In Software Engineering', 'Software testing');
insert into teacher (teacherId, eduQualification, expertise) values ('5100141514133750',  'Bsc. In Software Engineering', 'System Analyst');
insert into teacher (teacherId, eduQualification, expertise) values ('30380180836231', 'Bsc. In Computer Science and Engineering', 'Microprocessor');
insert into teacher (teacherId, eduQualification, expertise) values ('4026854335660801', 'Bsc. In Computer Science and Engineering', 'Machine Learning');
insert into teacher (teacherId, eduQualification, expertise) values ('5331615289061065', 'Bsc. In Computer Science and Engineering', 'Deep learning');
insert into teacher (teacherId, eduQualification, expertise) values ('30058167433541',  'Bsc. In Computer Science and Engineering', 'System Analyst');
insert into teacher (teacherId, eduQualification, expertise) values ('5100142767026568', 'Bsc. In Software Engineering', 'Networking');
insert into teacher (teacherId, eduQualification, expertise) values ('3528816745530556', 'Bsc. In Computer Science and Engineering', 'Microprocessor');
insert into teacher (teacherId, eduQualification, expertise) values ('3559011559429028', 'Msc. In CSE', 'Software testing');
insert into teacher (teacherId, eduQualification, expertise) values ('3556649468848185', 'Bsc. In Software Engineering', 'System Analyst');
insert into teacher (teacherId, eduQualification, expertise) values ('201654766981576', 'Msc. In CSE', 'Machine Learning');
insert into teacher (teacherId, eduQualification, expertise) values ('376573794883605', 'Msc. In CSE', 'Networking');
insert into teacher (teacherId, eduQualification, expertise) values ('3549076418619401', 'Bsc. In Software Engineering', 'Microprocessor');
insert into teacher (teacherId, eduQualification, expertise) values ('6331100123954864', 'Bsc. In Software Engineering', 'Deep learning');
insert into teacher (teacherId, eduQualification, expertise) values ('3579118573297616', 'Bsc. In Computer Science and Engineering', 'Networking');
insert into teacher (teacherId, eduQualification, expertise) values ('30247309759430', 'Bsc. In Software Engineering', 'Networking');
insert into teacher (teacherId, eduQualification, expertise) values ('358705155024050', 'Bsc. In Computer Science and Engineering', 'Embedded System');
insert into teacher (teacherId, eduQualification, expertise) values ('346194310441666', 'Bsc. In Software Engineering', 'Microprocessor');
insert into teacher (teacherId, eduQualification, expertise) values ('675948344926384', 'Bsc. In Software Engineering', 'Software testing');
insert into teacher (teacherId, eduQualification, expertise) values ('30199337404861', 'Msc. In CSE', 'Microprocessor');
insert into teacher (teacherId, eduQualification, expertise) values ('5100140066427685','Bsc. In Computer Science and Engineering', 'Embedded System');
insert into teacher (teacherId, eduQualification, expertise) values ('633110259589181', 'Msc. In CSE', 'Machine Learning');
insert into teacher (teacherId, eduQualification, expertise) values ('3566641143829662', 'Bsc. In Computer Science and Engineering', 'System Analyst');
insert into teacher (teacherId, eduQualification, expertise) values ('3582320440323337', 'Bsc. In Software Engineering', 'Networking');
insert into teacher (teacherId, eduQualification, expertise) values ('3551608123207513', 'Bsc. In Computer Science and Engineering', 'Networking');
insert into teacher (teacherId, eduQualification, expertise) values ('3532717703796292', 'Bsc. In Software Engineering', 'Embedded System');
insert into teacher (teacherId, eduQualification, expertise) values ('3551030097958239', 'Bsc. In Software Engineering', 'System Analyst');
insert into teacher (teacherId, eduQualification, expertise) values ('3565734585367696', 'Bsc. In Software Engineering', 'Microprocessor');
insert into teacher (teacherId, eduQualification, expertise) values ('3553790424421692', 'Bsc. In Software Engineering', 'Machine Learning');
insert into teacher (teacherId, eduQualification, expertise) values ('3547407007369839', 'Msc. In CSE', 'Networking');
insert into teacher (teacherId, eduQualification, expertise) values ('201582879028060', 'Bsc. In Software Engineering', 'Machine Learning');
insert into teacher (teacherId, eduQualification, expertise) values ('201567475790874', 'Msc. In CSE', 'Embedded System');
insert into teacher (teacherId, eduQualification, expertise) values ('3589084755030068', 'Bsc. In Computer Science and Engineering', 'Networking');
insert into teacher (teacherId, eduQualification, expertise) values ('3569779478477736', 'Bsc. In Computer Science and Engineering', 'Microprocessor');
insert into teacher (teacherId, eduQualification, expertise) values ('3571040470464883', 'Bsc. In Software Engineering', 'Microprocessor');
insert into teacher (teacherId, eduQualification, expertise) values ('375430472077334', 'Bsc. In Software Engineering', 'Software testing');
insert into teacher (teacherId, eduQualification, expertise) values ('5002355363158192', 'Bsc. In Computer Science and Engineering', 'Software testing');
insert into teacher (teacherId, eduQualification, expertise) values ('30044009704083', 'Bsc. In Software Engineering', 'System Analyst');
insert into teacher (teacherId, eduQualification, expertise) values ('201881251796140', 'Bsc. In Computer Science and Engineering', 'System Analyst');
insert into teacher (teacherId, eduQualification, expertise) values ('675960730056151', 'Bsc. In Software Engineering', 'Deep learning');
insert into teacher (teacherId, eduQualification, expertise) values ('5112304607133089', 'Msc. In CSE', 'Deep learning');
insert into teacher (teacherId, eduQualification, expertise) values ('374283838978591', 'Bsc. In Software Engineering', 'System Analyst');
insert into teacher (teacherId, eduQualification, expertise) values ('6334263606434391', 'Bsc. In Software Engineering', 'Microprocessor');
insert into teacher (teacherId, eduQualification, expertise) values ('3539693110565641', 'Msc. In CSE', 'Embedded System');
insert into teacher (teacherId, eduQualification, expertise) values ('3568448267734886', 'Bsc. In Software Engineering', 'Software testing');
insert into teacher (teacherId, eduQualification, expertise) values ('5100134547468590', 'Bsc. In Software Engineering', 'Microprocessor');
insert into teacher (teacherId, eduQualification, expertise) values ('5237527432782072', 'Bsc. In Software Engineering', 'Embedded System');
insert into teacher (teacherId, eduQualification, expertise) values ('6304165854406916', 'Bsc. In Computer Science and Engineering', 'Software testing');
insert into teacher (teacherId, eduQualification, expertise) values ('5602216123881808', 'Msc. In CSE', 'System Analyst');
insert into teacher (teacherId, eduQualification, expertise) values ('3530791390570049', 'Bsc. In Computer Science and Engineering', 'Microprocessor');
insert into teacher (teacherId, eduQualification, expertise) values ('5424748583820585', 'Bsc. In Software Engineering', 'Software testing');
insert into teacher (teacherId, eduQualification, expertise) values ('5108754443767746', 'Msc. In CSE', 'Networking');
insert into teacher (teacherId, eduQualification, expertise) values ('3531388578553993', 'Msc. In CSE', 'Networking');
insert into teacher (teacherId, eduQualification, expertise) values ('3542691140640397', 'Bsc. In Computer Science and Engineering', 'Networking');
insert into teacher (teacherId, eduQualification, expertise) values ('5007666978196491', 'Bsc. In Computer Science and Engineering', 'Machine Learning');
insert into teacher (teacherId, eduQualification, expertise) values ('3559183076702201', 'Bsc. In Software Engineering', 'Software testing');
insert into teacher (teacherId, eduQualification, expertise) values ('5002353129906756', 'Msc. In CSE', 'Networking');
insert into teacher (teacherId, eduQualification, expertise) values ('4508367116553381', 'Msc. In CSE', 'Software testing');
insert into teacher (teacherId, eduQualification, expertise) values ('3553214854646298', 'Bsc. In Computer Science and Engineering', 'Deep learning');
insert into teacher (teacherId, eduQualification, expertise) values ('3547161348651070', 'Msc. In CSE', 'Machine Learning');
insert into teacher (teacherId, eduQualification, expertise) values ('3555914103415811', 'Bsc. In Computer Science and Engineering', 'Deep learning');
insert into teacher (teacherId, eduQualification, expertise) values ('5641828687434736', 'Bsc. In Computer Science and Engineering', 'System Analyst');
insert into teacher (teacherId, eduQualification, expertise) values ('6762629672496720', 'Bsc. In Computer Science and Engineering', 'System Analyst');
insert into teacher (teacherId, eduQualification, expertise) values ('3559285908891076', 'Msc. In CSE', 'System Analyst');
insert into teacher (teacherId, eduQualification, expertise) values ('6767177554166500', 'Msc. In CSE', 'Embedded System');
insert into teacher (teacherId, eduQualification, expertise) values ('67719429702073023', 'Bsc. In Software Engineering', 'Embedded System');
insert into teacher (teacherId, eduQualification, expertise) values ('5610611235356149', 'Bsc. In Software Engineering', 'System Analyst');
insert into teacher (teacherId, eduQualification, expertise) values ('4508900132754979', 'Bsc. In Computer Science and Engineering', 'Networking');
insert into teacher (teacherId, eduQualification, expertise) values ('630461250614911', 'Msc. In CSE', 'Embedded System');
insert into teacher (teacherId, eduQualification, expertise) values ('3587635360928277', 'Bsc. In Software Engineering', 'Networking');
insert into teacher (teacherId, eduQualification, expertise) values ('5602244447653200', 'Bsc. In Computer Science and Engineering', 'Networking');
insert into teacher (teacherId, eduQualification, expertise) values ('502051418811471', 'Bsc. In Software Engineering', 'Microprocessor');
insert into teacher (teacherId, eduQualification, expertise) values ('490561817478831', 'Bsc. In Software Engineering', 'Deep learning');
insert into teacher (teacherId, eduQualification, expertise) values ('5018823991551171', 'Msc. In CSE', 'Machine Learning');
insert into teacher (teacherId, eduQualification, expertise) values ('4041373625896', 'Bsc. In Computer Science and Engineering', 'System Analyst');
insert into teacher (teacherId, eduQualification, expertise) values ('5221712672037688', 'Bsc. In Computer Science and Engineering', 'Microprocessor');
insert into teacher (teacherId, eduQualification, expertise) values ('4026839185016626', 'Bsc. In Computer Science and Engineering', 'Networking');
insert into teacher (teacherId, eduQualification, expertise) values ('372301003864826', 'Msc. In CSE', 'Microprocessor');
insert into teacher (teacherId, eduQualification, expertise) values ('3566585020950044', 'Bsc. In Computer Science and Engineering', 'Microprocessor');
insert into teacher (teacherId, eduQualification, expertise) values ('6761636822501547', 'Bsc. In Software Engineering', 'Microprocessor');
insert into teacher (teacherId, eduQualification, expertise) values ('347946592837146', 'Msc. In CSE', 'System Analyst');
insert into teacher (teacherId, eduQualification, expertise) values ('633110183302313', 'Bsc. In Software Engineering', 'Microprocessor');
insert into teacher (teacherId, eduQualification, expertise) values ('5602234103277964', 'Bsc. In Computer Science and Engineering', 'Machine Learning');
insert into teacher (teacherId, eduQualification, expertise) values ('3529566414806311', 'Msc. In CSE', 'Networking');
insert into teacher (teacherId, eduQualification, expertise) values ('4936497761684231', 'Bsc. In Software Engineering', 'Microprocessor');
insert into teacher (teacherId, eduQualification, expertise) values ('4175003601524403', 'Bsc. In Computer Science and Engineering', 'Machine Learning');
insert into teacher (teacherId, eduQualification, expertise) values ('30291222181348', 'Bsc. In Software Engineering', 'Embedded System');
insert into teacher (teacherId, eduQualification, expertise) values ('3553848864092652', 'Bsc. In Computer Science and Engineering', 'System Analyst');
insert into teacher (teacherId, eduQualification, expertise) values ('201501974501219', 'Msc. In CSE', 'System Analyst');
insert into teacher (teacherId, eduQualification, expertise) values ('3573278949284452', 'Bsc. In Computer Science and Engineering', 'Microprocessor');
insert into teacher (teacherId, eduQualification, expertise) values ('5443764528101509', 'Bsc. In Computer Science and Engineering', 'Embedded System');
insert into teacher (teacherId, eduQualification, expertise) values ('4041599188104800', 'Msc. In CSE', 'System Analyst');
insert into teacher (teacherId, eduQualification, expertise) values ('56102710361301768', 'Bsc. In Computer Science and Engineering', 'Software testing');
insert into teacher (teacherId, eduQualification, expertise) values ('3543976437185001', 'Msc. In CSE', 'Embedded System');
insert into teacher (teacherId, eduQualification, expertise) values ('50385671769996693', 'Msc. In CSE', 'Networking');

insert into baseUser (nid, userName, fatherName, motherName, gender, contactNo, email, dob, address, adminApproval, role, password) values (526254363757, 'munna lal', 'sone lal shah', 'juneb bano', 2, '666-457-6814', 'mmuncie0@biglobe.ne.jp', '1997-09-04', 'Suite 25', 0, 'STUDENT', 2007);
insert into baseUser (nid, userName, fatherName, motherName, gender, contactNo, email, dob, address, adminApproval, role, password) values (626254437625, 'sarvesh kumar pandey', 'manoj kumar', 'manju devi', 2, '503-145-5021', 'pdugan1@blogtalkradio.com', '2002-02-04', 'Apt 150', 0, 'STUDENT', 2008);
insert into baseUser (nid, userName, fatherName, motherName, gender, contactNo, email, dob, address, adminApproval, role, password) values (726254488297, 'sohnal kumar singh', 'chhotu harijan', 'sonia tiwari', 2, '761-194-4084', 'mdawidman2@springer.com', '2004-07-30', 'Room 408', 0, 'STUDENT', 2011);
insert into baseUser (nid, userName, fatherName, motherName, gender, contactNo, email, dob, address, adminApproval, role, password) values (826254912297, 'najar hussan', 'om prakash', 'santosh bai', 1, '192-181-6357', 'tropkins3@earthlink.net', '2001-02-03', 'Room 1552', 1, 'STUDENT', 1992);
insert into baseUser (nid, userName, fatherName, motherName, gender, contactNo, email, dob, address, adminApproval, role, password) values (926255525705, 'lavtar singh', 'manish kumar', 'munni khatun', 2, '572-552-0392', 'tcoalbran4@1und1.de', '2000-01-31', '8th Floor', 1, 'STUDENT', 1997);
insert into baseUser (nid, userName, fatherName, motherName, gender, contactNo, email, dob, address, adminApproval, role, password) values (1026256532041, 'nanak chand', 'mukesh kumar yogi', 'monika rani', 2, '488-711-6204', 'roldroyde5@slashdot.org', '2006-10-17', 'Room 1365', 0, 'STUDENT', 2003);
insert into baseUser (nid, userName, fatherName, motherName, gender, contactNo, email, dob, address, adminApproval, role, password) values (1126258001225, 'harprasad sahu', 'gautam kumar', 'reema jha', 1, '575-487-9756', 'mheugel6@imdb.com', '2000-04-07', 'Suite 77', 0, 'STUDENT', 2006);
insert into baseUser (nid, userName, fatherName, motherName, gender, contactNo, email, dob, address, adminApproval, role, password) values (1226265516873, 'vikas kumar', 'raj kumar', 'kumari meera', 2, '166-136-8511', 'tanmore7@furl.net', '2001-04-17', 'Suite 3', 1, 'STUDENT', 2003);
insert into baseUser (nid, userName, fatherName, motherName, gender, contactNo, email, dob, address, adminApproval, role, password) values (1326279321417, 'ashsish kumar', 'rohit kumar', 'raj kumari', 1, '820-913-1989', 'reliaz8@theglobeandmail.com', '1999-12-06', '12th Floor', 1, 'STUDENT', 1994);
insert into baseUser (nid, userName, fatherName, motherName, gender, contactNo, email, dob, address, adminApproval, role, password) values (1426304372553, 'rajesh singh', 'pankaj saini', 'kumari manju', 2, '535-263-0135', 'bslocumb9@booking.com', '2005-08-16', '8th Floor', 0, 'STUDENT', 1986);
insert into baseUser (nid, userName, fatherName, motherName, gender, contactNo, email, dob, address, adminApproval, role, password) values (1526316056393, 'jalil ansari', 'manish sehrawat', 'rinku kumari', 1, '469-497-0080', 'pvincenta@miitbeian.gov.cn', '2008-07-23', '16th Floor', 1, 'STUDENT', 2006);
insert into baseUser (nid, userName, fatherName, motherName, gender, contactNo, email, dob, address, adminApproval, role, password) values (1626431338313, 'deepak verma', 'ravi chandra natarajan', 'rita roy', 2, '966-687-7792', 'dbraceb@istockphoto.com', '2000-07-19', 'Suite 88', 0, 'STUDENT', 2010);
insert into baseUser (nid, userName, fatherName, motherName, gender, contactNo, email, dob, address, adminApproval, role, password) values (1726431361594, 'monu kumar', 'karunakar dehra', 'manju devi', 2, '402-314-4718', 'ppyecroftc@adobe.com', '2009-12-05', 'Apt 202', 1, 'STUDENT', 2000);
insert into baseUser (nid, userName, fatherName, motherName, gender, contactNo, email, dob, address, adminApproval, role, password) values (1826431395248, 'shankar kumar', 'rajeev jha', 'priyanka sagar', 1, '731-488-6672', 'emadgwichd@unc.edu', '2002-08-18', '4th Floor', 1, 'STUDENT', 2009);
insert into baseUser (nid, userName, fatherName, motherName, gender, contactNo, email, dob, address, adminApproval, role, password) values (1926431435092, 'manish kumar saket', 'mukesh soni', 'gul afshan', 1, '489-890-8182', 'jcarnewe@virginia.edu', '2010-02-26', '17th Floor', 0, 'STUDENT', 1985);
insert into baseUser (nid, userName, fatherName, motherName, gender, contactNo, email, dob, address, adminApproval, role, password) values (2026431439020, 'narayan gadri', 'ashok kharkwal', 'usha devi', 2, '498-369-2087', 'maubrunf@drupal.org', '2001-01-19', '14th Floor', 0, 'STUDENT', 1979);
insert into baseUser (nid, userName, fatherName, motherName, gender, contactNo, email, dob, address, adminApproval, role, password) values (2126431486940, 'lakshman nath', 'raj kumar', 'gunjan verna', 2, '208-425-1347', 'hdallisong@wikipedia.org', '2008-05-09', 'Apt 1237', 0, 'STUDENT', 1992);
insert into baseUser (nid, userName, fatherName, motherName, gender, contactNo, email, dob, address, adminApproval, role, password) values (2226431869084, 'sachin kumar', 'iswar sharan', 'noor jala', 1, '542-264-5477', 'osamterh@disqus.com', '2006-03-29', 'Room 263', 0, 'STUDENT', 2007);
insert into baseUser (nid, userName, fatherName, motherName, gender, contactNo, email, dob, address, adminApproval, role, password) values (2326432178012, 'harish chand', 'maj- koko khaing', 'lakhi devi', 1, '115-492-7488', 'egiannasii@meetup.com', '2009-01-15', '10th Floor', 0, 'STUDENT', 2011);
insert into baseUser (nid, userName, fatherName, motherName, gender, contactNo, email, dob, address, adminApproval, role, password) values (2426432873820, 'puneet jain', 'amrit patel', 'nayana kumari', 1, '232-531-3757', 'astandagej@whitehouse.gov', '2002-06-27', 'PO Box 78466', 1, 'STUDENT', 1997);
insert into baseUser (nid, userName, fatherName, motherName, gender, contactNo, email, dob, address, adminApproval, role, password) values (2526441165916, 'amit kumar shukla', 'rupesh rathor', 'anju devi', 1, '829-715-9232', 'mliellk@jalbum.net', '1999-07-31', 'Suite 59', 1, 'STUDENT', 2002);
insert into baseUser (nid, userName, fatherName, motherName, gender, contactNo, email, dob, address, adminApproval, role, password) values (2626448643164, 'praful naag', 'dinesh singh rana', 'durga devi', 1, '295-501-5200', 'dsmalleyl@creativecommons.org', '2002-03-23', 'Room 1129', 0, 'STUDENT', 1996);
insert into baseUser (nid, userName, fatherName, motherName, gender, contactNo, email, dob, address, adminApproval, role, password) values (2726452638812, 'deepak rana', 'bhrat narayn', 'aruna with children', 2, '377-405-7568', 'frutleym@oracle.com', '2004-12-14', 'Room 1066', 1, 'STUDENT', 1987);
insert into baseUser (nid, userName, fatherName, motherName, gender, contactNo, email, dob, address, adminApproval, role, password) values (2826452952156, 'puran singh rastogi', 'ombir singh', 'chama ( with child dependeri age 2 years)', 2, '650-738-4138', 'rcaplann@discuz.net', '2005-05-31', 'PO Box 90792', 1, 'STUDENT', 1986);
insert into baseUser (nid, userName, fatherName, motherName, gender, contactNo, email, dob, address, adminApproval, role, password) values (2926454148188, 'lal babu prasad', 'ombir singh', 'smt ladidavi', 1, '288-760-0567', 'dkneatho@jalbum.net', '2009-08-25', 'Suite 95', 0, 'STUDENT', 2007);
insert into baseUser (nid, userName, fatherName, motherName, gender, contactNo, email, dob, address, adminApproval, role, password) values (3026454160570, 'lal chand', 'rajesh kumar', 'kumari deepa', 2, '998-853-7522', 'nbaumertp@sitemeter.com', '2002-10-26', 'Room 1725', 0, 'STUDENT', 1994);
insert into baseUser (nid, userName, fatherName, motherName, gender, contactNo, email, dob, address, adminApproval, role, password) values (3126454195412, 'kiran pal', 'varun chandela', 'priya urf laxmi devi with her son', 2, '540-563-0311', 'eblasikq@51.la', '2004-12-19', 'Suite 87', 0, 'STUDENT', 1992);
insert into baseUser (nid, userName, fatherName, motherName, gender, contactNo, email, dob, address, adminApproval, role, password) values (3226454270276, 'ranveer singh', 'ravi singh', 'jyoti devi', 2, '223-123-9159', 'jrodwellr@hostgator.com', '2008-12-22', 'Room 446', 0, 'STUDENT', 2009);
insert into baseUser (nid, userName, fatherName, motherName, gender, contactNo, email, dob, address, adminApproval, role, password) values (3326454428020, 'sadab urf golu', 'jitendra singh', 'matul  devi', 1, '615-328-2044', 'swebbers@amazon.com', '2007-06-30', 'PO Box 40310', 0, 'STUDENT', 1989);
insert into baseUser (nid, userName, fatherName, motherName, gender, contactNo, email, dob, address, adminApproval, role, password) values (3426454746340, 'narayan parsad bhushal', 'iarfan mohammad', 'sona sarkar', 2, '749-170-5019', 'bmeighant@un.org', '2006-12-11', 'Apt 98', 0, 'STUDENT', 2010);
insert into baseUser (nid, userName, fatherName, motherName, gender, contactNo, email, dob, address, adminApproval, role, password) values (3526454920644, 'hukum chand', 'raj kumar', 'sunita devi', 2, '335-797-6051', 'mreimeru@csmonitor.com', '2008-05-08', 'Suite 41', 0, 'STUDENT', 1997);
insert into baseUser (nid, userName, fatherName, motherName, gender, contactNo, email, dob, address, adminApproval, role, password) values (3626456311108, 'akash tomer', 'gaurav kumar', 'neelam mehta', 2, '576-936-1780', 'jprendevillev@csmonitor.com', '1997-11-02', 'PO Box 79913', 0, 'STUDENT', 2002);
insert into baseUser (nid, userName, fatherName, motherName, gender, contactNo, email, dob, address, adminApproval, role, password) values (3726458201796, 'mahesh chand tiwari', 'prateek kumar tiwari', 'priya kumar', 2, '578-186-4793', 'scollmanw@who.int', '2010-02-24', 'Apt 558', 1, 'STUDENT', 1980);
insert into baseUser (nid, userName, fatherName, motherName, gender, contactNo, email, dob, address, adminApproval, role, password) values (3826461155524, 'gajender kumar', 'raghubir singh', 'rashida khatoon', 1, '969-355-7945', 'caspinalx@bigcartel.com', '2002-05-07', 'PO Box 13428', 0, 'STUDENT', 2010);
insert into baseUser (nid, userName, fatherName, motherName, gender, contactNo, email, dob, address, adminApproval, role, password) values (3926462112452, 'bhanwar singh', 'ayub khan', 'ruzina khatun', 1, '174-319-5789', 'fridewoody@dyndns.org', '2004-07-15', '8th Floor', 1, 'STUDENT', 2010);
insert into baseUser (nid, userName, fatherName, motherName, gender, contactNo, email, dob, address, adminApproval, role, password) values (4026482502340, 'amit kumar', 'ram jatan', 'poonam yadav', 2, '796-406-0628', 'gstylesz@upenn.edu', '2009-06-09', '15th Floor', 1, 'STUDENT', 1987);
insert into baseUser (nid, userName, fatherName, motherName, gender, contactNo, email, dob, address, adminApproval, role, password) values (4126535068356, 'surender sain', 'azhar  ali', 'saroj devi', 1, '142-443-9019', 'hforde10@exblog.jp', '2006-10-30', 'Room 413', 1, 'STUDENT', 2004);
insert into baseUser (nid, userName, fatherName, motherName, gender, contactNo, email, dob, address, adminApproval, role, password) values (4226642789060, 'akshay kumar', 'ankit tiwari', 'seema chauhan', 1, '889-492-6941', 'bhodinton11@nydailynews.com', '2001-09-13', 'Room 380', 0, 'STUDENT', 1998);
insert into baseUser (nid, userName, fatherName, motherName, gender, contactNo, email, dob, address, adminApproval, role, password) values (4326642806095, 'mohd. amir', 'anuj tiwari', 'kumari gori', 1, '333-403-0202', 'blund12@google.com', '1998-08-17', 'PO Box 85455', 0, 'STUDENT', 2005);
insert into baseUser (nid, userName, fatherName, motherName, gender, contactNo, email, dob, address, adminApproval, role, password) values (4426642825883, 'bhavesh dass', 'vipiv malkania', 'pooja chawriya', 1, '553-133-3204', 'abunce13@google.com.hk', '2007-11-30', 'Room 512', 0, 'STUDENT', 1997);
insert into baseUser (nid, userName, fatherName, motherName, gender, contactNo, email, dob, address, adminApproval, role, password) values (4526642940695, 'guddu rai', 'dinesh singh', 'nirmla devi', 2, '909-661-5358', 'gsherringham14@deviantart.com', '2010-03-10', '5th Floor', 1, 'STUDENT', 2008);
insert into baseUser (nid, userName, fatherName, motherName, gender, contactNo, email, dob, address, adminApproval, role, password) values (4626643131183, 'yogesh rawat', 'sanjit misra', 'saanu goyal', 2, '590-587-3562', 'cweatherley15@dion.ne.jp', '2000-09-17', 'Apt 1334', 0, 'STUDENT', 2012);
insert into baseUser (nid, userName, fatherName, motherName, gender, contactNo, email, dob, address, adminApproval, role, password) values (4726643632335, 'rajesh agarwal', 'charan singh', 'smt kaushalya', 2, '337-440-6397', 'pfarge16@is.gd', '2006-12-16', 'PO Box 68684', 1, 'STUDENT', 1993);
insert into baseUser (nid, userName, fatherName, motherName, gender, contactNo, email, dob, address, adminApproval, role, password) values (4826644602991, 'tara singh rawat', 'chottu shah', 'divya bharti', 2, '994-403-2196', 'jgifford17@xing.com', '1999-02-06', '8th Floor', 1, 'STUDENT', 2010);
insert into baseUser (nid, userName, fatherName, motherName, gender, contactNo, email, dob, address, adminApproval, role, password) values (4926645734063, 'parnav kumar', 'ram chander jha', 'priti yadav', 1, '949-686-2134', 'jbranwhite18@bloglovin.com', '2000-12-20', 'Room 1830', 1, 'STUDENT', 1990);
insert into baseUser (nid, userName, fatherName, motherName, gender, contactNo, email, dob, address, adminApproval, role, password) values (5026646331055, 'neeraj kumar', 'mantu kumar', 'shathi davi', 2, '470-337-8504', 'nnester19@mlb.com', '2001-08-16', 'PO Box 50189', 0, 'STUDENT', 1994);
insert into baseUser (nid, userName, fatherName, motherName, gender, contactNo, email, dob, address, adminApproval, role, password) values (5126650207151, 'ajay haldar', 'firakat ali', 'nimla sharama', 1, '795-271-2173', 'usammons1a@ucoz.com', '2009-07-25', 'PO Box 37235', 1, 'STUDENT', 2010);
insert into baseUser (nid, userName, fatherName, motherName, gender, contactNo, email, dob, address, adminApproval, role, password) values (5226654155183, 'gaurav sethi', 'ashshwer parsad', 'gudya singh', 1, '787-707-5345', 'mcotter1b@ox.ac.uk', '2001-10-07', 'Suite 12', 1, 'STUDENT', 1994);
insert into baseUser (nid, userName, fatherName, motherName, gender, contactNo, email, dob, address, adminApproval, role, password) values (5326683086255, 'sachin kumar', 'akhil kumar', 'lalita devi', 1, '547-118-8513', 'tlynett1c@example.com', '2001-08-14', 'Apt 243', 1, 'STUDENT', 2000);
insert into baseUser (nid, userName, fatherName, motherName, gender, contactNo, email, dob, address, adminApproval, role, password) values (5426697151919, 'parth madan', 'inderjeet mandal', 'mobsheera haider (shadiya)', 1, '635-268-8275', 'bbeausang1d@yandex.ru', '2007-09-04', '7th Floor', 0, 'STUDENT', 2003);
insert into baseUser (nid, userName, fatherName, motherName, gender, contactNo, email, dob, address, adminApproval, role, password) values (5526801792431, 'raju garg', 'arjun singh', 'devi sharma', 2, '227-899-2123', 'cballchin1e@noaa.gov', '2004-03-31', 'Room 1980', 1, 'STUDENT', 2007);
insert into baseUser (nid, userName, fatherName, motherName, gender, contactNo, email, dob, address, adminApproval, role, password) values (5626801820075, 'samir mishra', 'vishal mishra', 'gytri  garg', 1, '878-258-5856', 'cboeter1f@posterous.com', '2006-06-26', 'Room 1351', 0, 'STUDENT', 1984);
insert into baseUser (nid, userName, fatherName, motherName, gender, contactNo, email, dob, address, adminApproval, role, password) values (5726801885399, 'ram dayal', 'dalip shah', 'swati singh', 1, '344-217-5587', 'estroband1g@about.me', '1999-11-14', 'Room 1981', 0, 'STUDENT', 1995);
insert into baseUser (nid, userName, fatherName, motherName, gender, contactNo, email, dob, address, adminApproval, role, password) values (5826802016427, 'jagdish chand', 'mohd. jafruddin', 'raj rani', 2, '981-529-6730', 'hllorens1h@umich.edu', '1998-08-17', '16th Floor', 1, 'STUDENT', 2004);
insert into baseUser (nid, userName, fatherName, motherName, gender, contactNo, email, dob, address, adminApproval, role, password) values (5926802176723, 'pardeep kumar', 'sohan lal', 'rekha kumari', 2, '193-957-6211', 'mcorish1i@wired.com', '2002-03-03', 'PO Box 4149', 0, 'STUDENT', 1987);
insert into baseUser (nid, userName, fatherName, motherName, gender, contactNo, email, dob, address, adminApproval, role, password) values (6026802382467, 'manoj kumar', 'vinod kumar', 'nisha hajra', 1, '890-205-9010', 'esottell1j@topsy.com', '1998-07-06', '8th Floor', 1, 'STUDENT', 1992);
insert into baseUser (nid, userName, fatherName, motherName, gender, contactNo, email, dob, address, adminApproval, role, password) values (6126802661603, 'deepak goyal', 'dinesh singh', 'isha naaz', 1, '272-893-4419', 'bvalencia1k@house.gov', '2001-07-07', 'PO Box 46171', 1, 'STUDENT', 1990);
insert into baseUser (nid, userName, fatherName, motherName, gender, contactNo, email, dob, address, adminApproval, role, password) values (6226803285027, 'sunil ladkani', 'ajay kumar', 'ruksana bano', 1, '600-206-9419', 'mhallt1l@netscape.com', '1998-07-21', 'Suite 22', 1, 'STUDENT', 2005);
insert into baseUser (nid, userName, fatherName, motherName, gender, contactNo, email, dob, address, adminApproval, role, password) values (6326806808739, 'indra sain', 'aasish  kumar', 'biwa kumari', 1, '558-642-9436', 'kgillings1m@webs.com', '2000-06-05', 'Suite 50', 1, 'STUDENT', 1974);
insert into baseUser (nid, userName, fatherName, motherName, gender, contactNo, email, dob, address, adminApproval, role, password) values (6426807007907, 'arun kumar', 'tavinder kumar', 'sunita verma', 1, '957-266-0033', 'kcarpenter1n@amazon.de', '2003-04-10', 'Room 1019', 0, 'STUDENT', 1992);
insert into baseUser (nid, userName, fatherName, motherName, gender, contactNo, email, dob, address, adminApproval, role, password) values (6526813313699, 'ashok sharma', 'harishankar verma', 'megha bansal', 2, '402-241-0711', 'lhacksby1o@shop-pro.jp', '2005-09-25', 'Apt 877', 0, 'STUDENT', 2008);
insert into baseUser (nid, userName, fatherName, motherName, gender, contactNo, email, dob, address, adminApproval, role, password) values (6626816421539, 'veer singh', 'sri kant', 'surjeet kaur', 2, '209-789-0285', 'bgoodbarne1p@sakura.ne.jp', '2009-02-07', 'Suite 33', 1, 'STUDENT', 2005);
insert into baseUser (nid, userName, fatherName, motherName, gender, contactNo, email, dob, address, adminApproval, role, password) values (6726861866659, 'aman dahiya', 'radheyshyam saini', 'nisha kapoor', 2, '869-435-1287', 'ecrannach1q@github.com', '2008-07-23', 'PO Box 25452', 0, 'STUDENT', 2008);
insert into baseUser (nid, userName, fatherName, motherName, gender, contactNo, email, dob, address, adminApproval, role, password) values (6826869411491, 'laxmi narayan', 'damanjeet singh', 'prema devi', 1, '131-111-6553', 'ahailston1r@cafepress.com', '2004-06-06', 'PO Box 46115', 0, 'STUDENT', 1996);
insert into baseUser (nid, userName, fatherName, motherName, gender, contactNo, email, dob, address, adminApproval, role, password) values (6926869411779, 'vikram dubey', 'bhushan sahay', 'maya kumari', 1, '756-931-7407', 'lquibell1s@drupal.org', '2001-11-22', 'PO Box 20216', 1, 'STUDENT', 1988);
insert into baseUser (nid, userName, fatherName, motherName, gender, contactNo, email, dob, address, adminApproval, role, password) values (7026869471991, 'tara singh rawat', 'ramesh kumar', 'asha devi', 1, '209-515-3979', 'lyeskin1t@wix.com', '2007-02-20', 'Apt 1573', 1, 'STUDENT', 2010);
insert into baseUser (nid, userName, fatherName, motherName, gender, contactNo, email, dob, address, adminApproval, role, password) values (7126869508151, 'ramjan khan', 'malkeet singh', 'resham yadav', 1, '199-678-4172', 'mwoolner1u@adobe.com', '2000-01-30', 'PO Box 90874', 1, 'STUDENT', 1997);
insert into baseUser (nid, userName, fatherName, motherName, gender, contactNo, email, dob, address, adminApproval, role, password) values (7226869579687, 'alok tiwari', 'uma shankar', 'bigan mehto', 1, '206-714-2824', 'gbaldack1v@upenn.edu', '2005-03-12', '17th Floor', 0, 'STUDENT', 2011);
insert into baseUser (nid, userName, fatherName, motherName, gender, contactNo, email, dob, address, adminApproval, role, password) values (7326869887911, 'vude bhadur', 'kamla prasad', 'aman jeet', 2, '998-240-0870', 'oriteley1w@tumblr.com', '2006-01-15', 'Room 1802', 1, 'STUDENT', 2004);
insert into baseUser (nid, userName, fatherName, motherName, gender, contactNo, email, dob, address, adminApproval, role, password) values (7426870612647, 'prem singh bidla', 'mohd. iqbal', 'devi kanwar', 1, '706-829-9427', 'ihilary1x@rediff.com', '1998-07-21', '6th Floor', 0, 'STUDENT', 1994);
insert into baseUser (nid, userName, fatherName, motherName, gender, contactNo, email, dob, address, adminApproval, role, password) values (7526872369191, 'chetanya swaroop', 'anoop singh', 'manju kumari', 1, '780-685-7507', 'hsinfield1y@dailymail.co.uk', '2002-02-09', 'Suite 63', 0, 'STUDENT', 2004);
insert into baseUser (nid, userName, fatherName, motherName, gender, contactNo, email, dob, address, adminApproval, role, password) values (7626875416231, 'henkhochon haokip', 'dal chand', 'sabbo bano', 2, '433-661-7843', 'mpawellek1z@quantcast.com', '1998-11-12', '10th Floor', 0, 'STUDENT', 2008);
insert into baseUser (nid, userName, fatherName, motherName, gender, contactNo, email, dob, address, adminApproval, role, password) values (7726879484071, 'gaurav shankar', 'pushpendra singh rathore', 'chhabi rani dass', 2, '222-338-6107', 'wstickler20@yellowpages.com', '2003-09-30', 'Apt 828', 1, 'STUDENT', 2006);
insert into baseUser (nid, userName, fatherName, motherName, gender, contactNo, email, dob, address, adminApproval, role, password) values (7826882929319, 'shsi kant', 'harpal singh', 'tara kanwar', 2, '864-122-8509', 'fcringle21@myspace.com', '1998-05-20', 'Apt 1814', 1, 'STUDENT', 2000);
insert into baseUser (nid, userName, fatherName, motherName, gender, contactNo, email, dob, address, adminApproval, role, password) values (7926907884199, 'md. tavrej', '', 'sahar bano', 2, '851-117-7091', 'sadamov22@google.com.hk', '2010-02-25', '3rd Floor', 0, 'STUDENT', 1993);
insert into baseUser (nid, userName, fatherName, motherName, gender, contactNo, email, dob, address, adminApproval, role, password) values (8026939320999, 'brij raj', 'chandan kumar', 'parvesh kumari', 1, '500-260-3470', 'efloch23@example.com', '2007-11-22', 'Room 1474', 0, 'STUDENT', 1999);
insert into baseUser (nid, userName, fatherName, motherName, gender, contactNo, email, dob, address, adminApproval, role, password) values (8127000785575, 'aman kumar', 'ritu raj', 'kirti ahuja', 2, '339-535-5203', 'nambrodi24@prlog.org', '2006-05-11', 'PO Box 43993', 1, 'STUDENT', 2001);
insert into baseUser (nid, userName, fatherName, motherName, gender, contactNo, email, dob, address, adminApproval, role, password) values (8227000816676, 'vijay kumar', 'vinay kumar upadhayay', 'alam aara', 2, '329-168-3030', 'wgrix25@toplist.cz', '1998-05-23', 'Suite 14', 0, 'STUDENT', 1972);
insert into baseUser (nid, userName, fatherName, motherName, gender, contactNo, email, dob, address, adminApproval, role, password) values (8327000865462, 'subham kumar yadav', 'abhishek yadav', 'priti rawat', 2, '346-678-8103', 'rdarcy26@spotify.com', '2004-02-28', 'Suite 95', 1, 'STUDENT', 2003);
insert into baseUser (nid, userName, fatherName, motherName, gender, contactNo, email, dob, address, adminApproval, role, password) values (8427000879654, 'ram niwas', 'abhishek yadav', 'kum  mamta', 2, '446-596-6719', 'tkeson27@weebly.com', '2005-12-16', '11th Floor', 1, 'STUDENT', 1997);
insert into baseUser (nid, userName, fatherName, motherName, gender, contactNo, email, dob, address, adminApproval, role, password) values (8527001036686, 'nanhu khan', 'manish khandelwal', 'hoor bano', 2, '400-736-4486', 'btoffetto28@timesonline.co.uk', '2007-06-03', '2nd Floor', 0, 'STUDENT', 2002);
insert into baseUser (nid, userName, fatherName, motherName, gender, contactNo, email, dob, address, adminApproval, role, password) values (8627001238654, 'raja ram', 'bir singh', 'bhawana jat', 1, '173-409-4298', 'mridpath29@mashable.com', '2005-06-29', 'PO Box 42787', 1, 'STUDENT', 1994);
insert into baseUser (nid, userName, fatherName, motherName, gender, contactNo, email, dob, address, adminApproval, role, password) values (8727002009342, 'jag mohan', 'ram niwas', 'sunita with her daughter', 1, '778-837-9247', 'avanne2a@tripod.com', '2002-02-27', 'Suite 63', 0, 'STUDENT', 1988);
insert into baseUser (nid, userName, fatherName, motherName, gender, contactNo, email, dob, address, adminApproval, role, password) values (8827003286398, 'ritu raj kumar', '', 'harneet kaur', 2, '998-136-6787', 'thasling2b@senate.gov', '2003-09-17', '13th Floor', 1, 'STUDENT', 1976);
insert into baseUser (nid, userName, fatherName, motherName, gender, contactNo, email, dob, address, adminApproval, role, password) values (8927005687166, 'manoj kumar', 'mohd sajim', 'harneet kaur', 2, '608-653-4973', 'mdurston2c@mtv.com', '2002-07-19', 'Apt 889', 1, 'STUDENT', 2005);
insert into baseUser (nid, userName, fatherName, motherName, gender, contactNo, email, dob, address, adminApproval, role, password) values (9027008718206, 'raj kapoor', 'rahul sharma', 'mansi raghav', 2, '241-527-3676', 'woshavlan2d@prweb.com', '2005-06-27', '1st Floor', 1, 'STUDENT', 2010);
insert into baseUser (nid, userName, fatherName, motherName, gender, contactNo, email, dob, address, adminApproval, role, password) values (9127011260798, 'rajbir ahlawat', 'neeraj kishore', 'sarita devi', 1, '361-690-6912', 'fshepton2e@reverbnation.com', '2006-04-29', '20th Floor', 0, 'STUDENT', 2008);
insert into baseUser (nid, userName, fatherName, motherName, gender, contactNo, email, dob, address, adminApproval, role, password) values (9227018813822, 'mohd faijan', 'ravi parkash solanki', 'sukhbir kaur', 2, '420-271-2394', 'lblinde2f@apache.org', '2004-01-31', '15th Floor', 0, 'STUDENT', 2010);
insert into baseUser (nid, userName, fatherName, motherName, gender, contactNo, email, dob, address, adminApproval, role, password) values (9327047344510, 'mohd. firoz', 'rohit kumar tiwari', 'rakhi chauhan', 1, '698-529-7111', 'jdjurkovic2g@huffingtonpost.com', '2005-10-27', 'Suite 89', 0, 'STUDENT', 2007);
insert into baseUser (nid, userName, fatherName, motherName, gender, contactNo, email, dob, address, adminApproval, role, password) values (9427155102078, 'bhag chand', 'manjeet kumar', 'smt sarita', 1, '764-805-5964', 'qeves2h@soup.io', '2001-11-09', '13th Floor', 1, 'STUDENT', 2000);
insert into baseUser (nid, userName, fatherName, motherName, gender, contactNo, email, dob, address, adminApproval, role, password) values (9527155119022, 'chander shekhar', 'vimal kumar', 'ankita kanwar rathore', 2, '221-555-1803', 'lwhittlesey2i@photobucket.com', '2010-01-13', '5th Floor', 1, 'STUDENT', 2011);
insert into baseUser (nid, userName, fatherName, motherName, gender, contactNo, email, dob, address, adminApproval, role, password) values (9627155183900, 'raja babu', 'abbas mehndi', 'shikha rai', 2, '107-704-8274', 'jprozillo2j@indiatimes.com', '2003-11-12', 'Suite 45', 0, 'STUDENT', 1965);
insert into baseUser (nid, userName, fatherName, motherName, gender, contactNo, email, dob, address, adminApproval, role, password) values (9727155282404, 'pramjot singh', 'deepak rathore', 'kanika sharma', 2, '504-256-2621', 'jkilbey2k@state.tx.us', '2001-05-29', '11th Floor', 0, 'STUDENT', 1992);
insert into baseUser (nid, userName, fatherName, motherName, gender, contactNo, email, dob, address, adminApproval, role, password) values (9827155372988, 'abhinav vashit', 'deepak kamat', 'asgari bagam', 1, '703-271-0628', 'everson2l@europa.eu', '2006-03-22', '4th Floor', 1, 'STUDENT', 2000);
insert into baseUser (nid, userName, fatherName, motherName, gender, contactNo, email, dob, address, adminApproval, role, password) values (9927155461580, 'vivek chabra', 'toquir ali', 'kavita harijan', 2, '993-455-7133', 'emandifield2m@umn.edu', '2000-12-19', 'PO Box 57717', 0, 'STUDENT', 2012);
insert into baseUser (nid, userName, fatherName, motherName, gender, contactNo, email, dob, address, adminApproval, role, password) values (10027156150796, 'harish chand', 'shyam sundra', 'anita bai', 1, '910-302-0151', 'abirdwhistle2n@berkeley.edu', '2006-08-03', 'Suite 87', 0, 'STUDENT', 2008);
insert into baseUser (nid, userName, fatherName, motherName, gender, contactNo, email, dob, address, adminApproval, role, password) values (10127157182348, 'nootan prakash yadav', 'sarthak dadwal', 'diksha rani', 1, '870-927-3625', 'tewen2o@howstuffworks.com', '2000-10-16', 'Apt 1587', 0, 'STUDENT', 2007);
insert into baseUser (nid, userName, fatherName, motherName, gender, contactNo, email, dob, address, adminApproval, role, password) values (10227157448844, 'abdul kadir', 'kunal kishore', 'jamila khatoon', 2, '779-136-8782', 'mdufoure2p@pagesperso-orange.fr', '2000-12-17', 'Suite 13', 1, 'STUDENT', 1998);
insert into baseUser (nid, userName, fatherName, motherName, gender, contactNo, email, dob, address, adminApproval, role, password) values (10327163318668, 'vikas kumar', 'nabav shekh', 'durgash urf mahi', 2, '631-350-7314', 'pmarikhin2q@bbc.co.uk', '1997-03-16', 'Room 1816', 0, 'STUDENT', 2009);
insert into baseUser (nid, userName, fatherName, motherName, gender, contactNo, email, dob, address, adminApproval, role, password) values (10427171787660, 'ram ldaike', 'kasim ansari', 'smt laxmi', 2, '817-633-4111', 'hhenriques2r@devhub.com', '2003-09-01', 'Room 1015', 1, 'STUDENT', 2007);

insert into student (stdId, deptId, batch, semester) values (526254363757, 2019, 101, 0);
insert into student (stdId, deptId, batch, semester) values (626254437625, 2022, 101, 0);
insert into student (stdId, deptId, batch, semester) values (726254488297, 3021, 101, 1);
insert into student (stdId, deptId, batch, semester) values (826254912297, 2019, 101, 1);
insert into student (stdId, deptId, batch, semester) values (926255525705, 3019, 101, 3);
insert into student (stdId, deptId, batch, semester) values (1026256532041, 2019, 101, 1);
insert into student (stdId, deptId, batch, semester) values (1126258001225, 2019, 101, 1);
insert into student (stdId, deptId, batch, semester) values (1226265516873, 2020, 101, 0);
insert into student (stdId, deptId, batch, semester) values (1326279321417, 2020, 101, 2);
insert into student (stdId, deptId, batch, semester) values (1426304372553, 2019, 101, 2);
insert into student (stdId, deptId, batch, semester) values (1526316056393, 3021, 101, 3);
insert into student (stdId, deptId, batch, semester) values (1626431338313, 2020, 101, 2);
insert into student (stdId, deptId, batch, semester) values (1726431361594, 2022, 101, 3);
insert into student (stdId, deptId, batch, semester) values (1826431395248, 3021, 101, 2);
insert into student (stdId, deptId, batch, semester) values (1926431435092, 2022, 101, 2);
insert into student (stdId, deptId, batch, semester) values (2026431439020, 2019, 101, 0);
insert into student (stdId, deptId, batch, semester) values (2126431486940, 2020, 101, 3);
insert into student (stdId, deptId, batch, semester) values (2226431869084, 2022, 101, 2);
insert into student (stdId, deptId, batch, semester) values (2326432178012, 3021, 101, 1);
insert into student (stdId, deptId, batch, semester) values (2426432873820, 3019, 101, 1);
insert into student (stdId, deptId, batch, semester) values (2526441165916, 3019, 101, 0);
insert into student (stdId, deptId, batch, semester) values (2626448643164, 3021, 101, 3);
insert into student (stdId, deptId, batch, semester) values (2726452638812, 3021, 101, 2);
insert into student (stdId, deptId, batch, semester) values (2826452952156, 2022, 101, 2);
insert into student (stdId, deptId, batch, semester) values (2926454148188, 2022, 101, 2);
insert into student (stdId, deptId, batch, semester) values (3026454160570, 3021, 101, 2);
insert into student (stdId, deptId, batch, semester) values (3126454195412, 2019, 101, 0);
insert into student (stdId, deptId, batch, semester) values (3226454270276, 2020, 101, 1);
insert into student (stdId, deptId, batch, semester) values (3326454428020, 2020, 101, 3);
insert into student (stdId, deptId, batch, semester) values (3426454746340, 3019, 101, 1);
insert into student (stdId, deptId, batch, semester) values (3526454920644, 2022, 101, 3);
insert into student (stdId, deptId, batch, semester) values (3626456311108, 2020, 101, 1);
insert into student (stdId, deptId, batch, semester) values (3726458201796, 2019, 101, 0);
insert into student (stdId, deptId, batch, semester) values (3826461155524, 2020, 101, 0);
insert into student (stdId, deptId, batch, semester) values (3926462112452, 3021, 101, 0);
insert into student (stdId, deptId, batch, semester) values (4026482502340, 3021, 101, 3);
insert into student (stdId, deptId, batch, semester) values (4126535068356, 3019, 101, 3);
insert into student (stdId, deptId, batch, semester) values (4226642789060, 2019, 101, 1);
insert into student (stdId, deptId, batch, semester) values (4326642806095, 2022, 101, 1);
insert into student (stdId, deptId, batch, semester) values (4426642825883, 2022, 101, 0);
insert into student (stdId, deptId, batch, semester) values (4526642940695, 3019, 101, 1);
insert into student (stdId, deptId, batch, semester) values (4626643131183, 2019, 101, 3);
insert into student (stdId, deptId, batch, semester) values (4726643632335, 2019, 101, 1);
insert into student (stdId, deptId, batch, semester) values (4826644602991, 2022, 101, 2);
insert into student (stdId, deptId, batch, semester) values (4926645734063, 2019, 101, 0);
insert into student (stdId, deptId, batch, semester) values (5026646331055, 3019, 101, 3);
insert into student (stdId, deptId, batch, semester) values (5126650207151, 3021, 101, 2);
insert into student (stdId, deptId, batch, semester) values (5226654155183, 2022, 101, 2);
insert into student (stdId, deptId, batch, semester) values (5326683086255, 2020, 101, 0);
insert into student (stdId, deptId, batch, semester) values (5426697151919, 2022, 101, 1);
insert into student (stdId, deptId, batch, semester) values (5526801792431, 3019, 101, 2);
insert into student (stdId, deptId, batch, semester) values (5626801820075, 2020, 101, 0);
insert into student (stdId, deptId, batch, semester) values (5726801885399, 2022, 101, 2);
insert into student (stdId, deptId, batch, semester) values (5826802016427, 2019, 101, 2);
insert into student (stdId, deptId, batch, semester) values (5926802176723, 3019, 101, 1);
insert into student (stdId, deptId, batch, semester) values (6026802382467, 2020, 101, 1);
insert into student (stdId, deptId, batch, semester) values (6126802661603, 2020, 101, 3);
insert into student (stdId, deptId, batch, semester) values (6226803285027, 3021, 101, 0);
insert into student (stdId, deptId, batch, semester) values (6326806808739, 2019, 101, 3);
insert into student (stdId, deptId, batch, semester) values (6426807007907, 2019, 101, 3);
insert into student (stdId, deptId, batch, semester) values (6526813313699, 2020, 101, 2);
insert into student (stdId, deptId, batch, semester) values (6626816421539, 3019, 101, 2);
insert into student (stdId, deptId, batch, semester) values (6726861866659, 3021, 101, 1);
insert into student (stdId, deptId, batch, semester) values (6826869411491, 3021, 101, 0);
insert into student (stdId, deptId, batch, semester) values (6926869411779, 2019, 101, 1);
insert into student (stdId, deptId, batch, semester) values (7026869471991, 3019, 101, 1);
insert into student (stdId, deptId, batch, semester) values (7126869508151, 3019, 101, 3);
insert into student (stdId, deptId, batch, semester) values (7226869579687, 3019, 101, 1);
insert into student (stdId, deptId, batch, semester) values (7326869887911, 3021, 101, 1);
insert into student (stdId, deptId, batch, semester) values (7426870612647, 2020, 101, 3);
insert into student (stdId, deptId, batch, semester) values (7526872369191, 3019, 101, 1);
insert into student (stdId, deptId, batch, semester) values (7626875416231, 2020, 101, 1);
insert into student (stdId, deptId, batch, semester) values (7726879484071, 2022, 101, 2);
insert into student (stdId, deptId, batch, semester) values (7826882929319, 2020, 101, 0);
insert into student (stdId, deptId, batch, semester) values (7926907884199, 3019, 101, 0);
insert into student (stdId, deptId, batch, semester) values (8026939320999, 3021, 101, 0);
insert into student (stdId, deptId, batch, semester) values (8127000785575, 2019, 101, 3);
insert into student (stdId, deptId, batch, semester) values (8227000816676, 2019, 101, 2);
insert into student (stdId, deptId, batch, semester) values (8327000865462, 3021, 101, 2);
insert into student (stdId, deptId, batch, semester) values (8427000879654, 2022, 101, 0);
insert into student (stdId, deptId, batch, semester) values (8527001036686, 2022, 101, 2);
insert into student (stdId, deptId, batch, semester) values (8627001238654, 3019, 101, 2);
insert into student (stdId, deptId, batch, semester) values (8727002009342, 2020, 101, 1);
insert into student (stdId, deptId, batch, semester) values (8827003286398, 2019, 101, 0);
insert into student (stdId, deptId, batch, semester) values (8927005687166, 2022, 101, 2);
insert into student (stdId, deptId, batch, semester) values (9027008718206, 3021, 101, 2);
insert into student (stdId, deptId, batch, semester) values (9127011260798, 3021, 101, 1);
insert into student (stdId, deptId, batch, semester) values (9227018813822, 3019, 101, 1);
insert into student (stdId, deptId, batch, semester) values (9327047344510, 2019, 101, 3);
insert into student (stdId, deptId, batch, semester) values (9427155102078, 2020, 101, 0);
insert into student (stdId, deptId, batch, semester) values (9527155119022, 2022, 101, 1);
insert into student (stdId, deptId, batch, semester) values (9627155183900, 3021, 101, 1);
insert into student (stdId, deptId, batch, semester) values (9727155282404, 3019, 101, 1);
insert into student (stdId, deptId, batch, semester) values (9827155372988, 2022, 101, 2);
insert into student (stdId, deptId, batch, semester) values (9927155461580, 2019, 101, 2);
insert into student (stdId, deptId, batch, semester) values (10027156150796, 2022, 101, 1);
insert into student (stdId, deptId, batch, semester) values (10127157182348, 3019, 101, 0);
insert into student (stdId, deptId, batch, semester) values (10227157448844, 2022, 101, 0);
insert into student (stdId, deptId, batch, semester) values (10327163318668, 3019, 101, 2);
insert into student (stdId, deptId, batch, semester) values (10427171787660, 2022, 101, 3);
