use examManagementSystem;
insert into baseUser(nid, userName, fatherName, motherName, gender, contactNo, email, dob, address, adminApproval, role,
                     password)
values ('6118194051', 'Rohan', 'Kobir Hossain', 'Rohima', 1, '19857629', 'rohan@yahoo.com', '1997-10-12',
        '5/15 D.I.T.Market (Ist. Floor ), Dhaka', 1, 'STUDENT', '2345'),
       ('6118194084', 'Romiz', 'Alim', 'Shelina', 1, '1782910846', 'romiz@yahoo.com', '1996-1-09',
        'shewrapara, rokeya sharani, mirpur, 1216', 0, 'STUDENT', '7383'),
       ('6118194052', 'Riyad', 'Rohomot', 'Saleha', 1, '19957628', 'riyad@yahoo.com', '1995-11-1',
        '145, Motijheel c/a (3rd floor), Motijheel, 1000', 1, 'STUDENT', '2346'),
       ('6118194053', 'Asad', 'Akbor', 'Afroza', 1, '17057167', 'asad@yahoo.com', '1998-10-12',
        '28 Dilkusha C/a (8th Floor), Dhaka', 1, 'STUDENT', '2347'),
       ('6118194054', 'Saidul', 'Mobarok', 'Nahar', 1, '18125766', 'saidul@yahoo.com', '1998-10-11',
        '1/36, south mugdapara bank colony, (1st floor), 1214', 1, 'STUDENT', '2194'),
       ('6118194076', 'Rohima Akter', 'Faisal', 'Forida', 2, '178229183', 'rohima@yahoo.com', '1997-06-17',
        'House#8, Road # 2 Dhanmondi R/a, Dhaka', 0, 'STUDENT', '3727'),
       ('6118194055', 'Emon', 'Abdul Quddus', 'Nasima', 1, '18332833', 'emon@yahoo.com', '1994-11-01',
        'Road #10, baridhara, 1212', 1, 'STUDENT', '2344'),
       ('6118194056', 'Rashed', 'Abu Raihan', 'Taslim', 2, '16117278', 'rashed@yahoo.com', '1993-01-09',
        '119, New Elephant Road, Dhaka', 1, 'STUDENT', '5473'),
       ('6118194022', 'Liza', 'Rony rahman', 'Rina Akter', 2, '1983848293', 'liza@yahoo.com', '1993-01-09',
        'New elephant road, (2nd floor), katabon more, 1205', 0, 'STUDENT', '7291'),
       ('6118194057', 'Laila', 'ABu Naser', 'Ayesha', 2, '13728190', 'laila@yahoo.com', '1992-09-18',
        'a-1/16, sonali bank colony, motijheel, 1000', 1, 'STUDENT', '8237'),
       ('6118194058', 'Huraira', 'Abdus Salam', 'shamima', 2, '18372818', 'huraira@yahoo.com', '2000-03-28',
        'bhai Bhai Plaza,(9th Floor),khilkhet, 1229', 1, 'STUDENT', '8737'),
       ('6118194059', 'Sourov', 'Nagesh', 'Nisha', 1, '19113928', 'sourov@yahoo.com', '2001-12-28',
        'House # 134, Lane # 1, Baridhara DOHS', 1, 'STUDENT', '7217'),
       ('6118194060', 'Hizbul', 'Saiful Islam', 'Kaniz Kobita', 1, '17917391', 'hizbul@yahoo.com', '2003-02-10',
        '128,motijheel C/a, Dhaka', 1, 'STUDENT', '6372'),
       ('6118194061', 'Eng. Nafis Kamal', 'Asif Iqbal', 'Nasrin Jahan', 1, '1711909293', 'nafis@yahoo@.com',
        '1987-12-31', '14-15 Motijheel C/a, Ispahani Building, 5th Flr', 1, 'TEACHER', '7231'),
       ('6118194062', 'Abu Siddik', 'Abu Zafor', 'Amena', 1, '1891839322', 'siddik@yahoo@.com', '1979-01-23',
        'Puraton Kasba, Jessore', 1, 'TEACHER', '6378'),
       ('6118194063', 'Afroza Jahan', 'Raiyan', 'Shirina Akter', 2, '1633827194', 'afroza@yahoo@.com', '1990-11-13',
        'patenga, chittagong, chittagong, 4204', 1, 'TEACHER', '6238'),
       ('6118194064', 'Mukhesh', 'Raton Das', 'Sonali', 1, '1478920347', 'mukhesh@yahoo@.com', '1985-09-05',
        '29/h, Sonatongar, Hazaribagh', 1, 'TEACHER', '7392'),
       ('6118194065', 'Mr. Areng', 'Jisan Areng', 'Moleng Areng', 1, '1873992294', 'areng@yahoo@.com', '1991-10-25',
        '(ground floor), west nakhalpara, tejgaon, 1215', 1, 'TEACHER', '7238'),
       ('6118194090', 'Nilima Akter', 'Waris Karim', 'Falguni Akter', 2, '1673947294', 'nilima@yahoo@.com',
        '1993-02-16', 'Bikrampur, Bhaban, Tengra', 0, 'TEACHER', '9303'),
       ('6118194066', 'Helal Uddin', 'Faser Uddin', 'Salma Akter', 1, '1622812993', 'helal@yahoo@.com', '1989-12-19',
        '61, suklal das lane, sutrapur, 1100', 1, 'Teacher', '7382'),
       ('6118194067', 'Kaniz Fatima', 'Fokir Shah', 'Airin Akter', 2, '192684723', 'kaniz@yahoo@.com', '1994-09-12',
        'Soydana (hajir Pukur), Board Bazar, Gazipur', 1, 'TEACHER', '8394'),
       ('6118194068', 'Ashraful Hoque', 'Moinul Islam', 'Dilsana', 1, '1712232344', 'ashraf@yahoo@.com', '1985-03-22',
        'Block-K, Rupnagar, Sialbari Scetion # 2, Mirpu', 1, 'TEACHER', '7829'),
       ('6118194069', 'Roksana Akter', 'Selim AKter', 'Maimuna Akter', 2, '197382837', 'roksana@yahoo@.com',
        '1990-04-29', '1/1-e, (1st Fr.) Block-c, Lalmatia', 1, 'ADMIN', '7382'),
       ('6118194070', 'Abdul Mueez', 'Ahsan Ali', 'Poly Akter', 1, '192793749', 'mueez@yahoo@.com', '1992-07-03',
        'Suite#704, 55-A, Purana Pltan, P.O. Box: 1000', 1, 'ADMIN', '8293'),
       ('Not Assigned','Not Assigned','Not Assigned','Not Assigned',5,'Not Assigned','Not @ Assigned','2222-12-12',
        'Not Assigned',1,'TEACHER','123123');



insert into department(deptId, deptName)
values ('2019', 'CSE'),
       ('2020', 'CSE'),
       ('3019', 'EEE'),
       ('3021', 'EEE'),
       ('4011', 'CSE'),
       ('4012', 'CSE'),
       ('5021', 'EEE'),
       ('5022', 'EEE'),
       ('6011', 'CSE'),
       ('6012', 'CSE');


insert into student(stdId, deptId, batch, semester)
values ('6118194051', '2019', 2, 2),
       ('6118194052', '2020', 2, 2),
       ('6118194053', '3019', 3, 3),
       ('6118194054', '3021', 3, 3),
       ('6118194055', '4011', 4, 4),
       ('6118194056', '4012', 4, 4),
       ('6118194057', '5021', 5, 5),
       ('6118194058', '5022', 5, 5),
       ('6118194059', '6011', 6, 6),
       ('6118194060', '6012', 6, 6)
;



insert into teacher(teacherId, eduQualification, expertise)
values ('6118194061', 'MSC in EEE', 'Machine'),
       ('6118194062', 'BSC in CSE', 'Programming'),
       ('6118194063', 'MSC in EEE', 'Ac current'),
       ('6118194065', 'MSC in CIVIL', 'CAD'),
       ('6118194066', 'BSC in EEE', 'Dc current'),
       ('6118194067', 'BSC in EEE', 'Survay Motor'),
       ('6118194068', 'MSC in CSE', 'Networking'),
       ('6118194069', 'MSC in CSE', 'Database'),
       ('6118194070', 'MSC in CSE', 'Database'),
       ('Not Assigned','Not Assigned','Not Assigned');




insert into courses(courseCode, deptId, courseName, teacherId)
values ('CSE315', '2019', 'Computer Architceture', '6118194062'),
       ('EEE255', '2020', 'Electrical Circuit and design', '6118194063'),
       ('CSE341', '3019', 'Theory of computing', '6118194068'),
       ('CSE341', '2019', 'Theory of computing', '6118194068'),
       ('CSE344', '3021', 'Mathmatical analysis for computer science', '6118194069'),
       ('EEE281', '4011', 'Electical circuit', '6118194066'),
       ('EEE285', '4012', 'Servo Motor and its applyance', '6118194066'),
       ('CSE382', '5021', 'Image processing', '6118194069'),
       ('CSE364', '5022', 'Microprocessor design', '6118194069'),
       ('CSE441', '6011', 'Database design', '6118194069'),
       ('EEE389', '6012', 'Database design lab', '6118194069')
;


insert into examPaper(examId, courseCode, teacherId, percentageValue, startingDateTime, endingDateTime, courseSession,
                      total)
values (1, 'CSE315', '6118194062', .05, '2022-02-26 10:30:00', '2022-02-26 12:30:00', 2, 20),
       (2, 'EEE255', '6118194063', .03, '2022-02-21 11:00:00', '2022-02-21 13:00:00', 1, 25),
       (3, 'CSE341', '6118194068', .04, '2022-02-27 14:30:00', '2022-02-27 16:30:00', 3, 30),
       (4, 'CSE344', '6118194069', .06, '2022-03-10 09:00:00', '2022-03-10 11:00:00', 5, 15),
       (5, 'EEE281', '6118194066', .09, '2022-05-11 08:00:00', '2022-05-11 10:00:00', 4, 40),
       (6, 'EEE285', '6118194066', .05, '2022-05-11 11:00:00', '2022-05-11 13:00:00', 2, 40),
       (7, 'CSE382', '6118194069', .03, '2022-05-13 16:00:00', '2022-05-11 18:00:00', 1, 40),
       (8, 'CSE364', '6118194069', .02, '2022-05-14 10:00:00', '2022-05-14 12:00:00', 3, 40),
       (9, 'CSE441', '6118194069', .03, '2022-05-14 13:00:00', '2022-05-14 15:00:00', 4, 40),
       (10, 'EEE389', '6118194069', .04, '2022-05-15 10:30:00', '2022-05-15 12:30:00', 5, 40)
;

insert into question(examId, questionNo, question, mark)
values (1, 1, 'which is assemble language keyword', 2),
       (1, 2, 'Name of the screen that recognizes touch input is', 2),
       (1, 3, 'Identify the device through which data and instructions are entered into a computer', 4),
       (1, 4, 'Eight Bits make up a', 4),
       (1, 5, 'Which one of these also known as read/write memory ?', 6),

       (2, 1, 'The printed output from a computer is called ?', 3),
       (2, 2, 'WWW stands for ?', 2),
       (2, 3, 'Which of the following are components of Central Processing Unit (CPU) ?', 3),
       (2, 4, 'What is full form CMOS ?', 4),
       (2, 5, 'Second generation of computers consist of which of following ?', 6),

       (3, 1, 'The maximum length of the char columns is', 2),
       (3, 2, 'Which data type is more suitable for storing ?', 3),
       (3, 3, 'Which Clause is used to select a particular row from the set of row in an existing table?', 3),
       (3, 4, 'INSERT is same as UPDATE ?', 4),
       (3, 5, 'Which command is used for the table definition in Mysql?', 4),

       (4, 1, 'What is the meaning of Temporary Tables in Mysql?', 1),
       (4, 2, 'What will be the output of the following statement', 2),
       (4, 3, 'COUNT keyword belongs to which categories in Mysql?', 4),
       (4, 4, 'Which clause is used with an aggregate functions?', 4),
       (4, 5, 'Fill the blanks with suitable options? BETWEEN ______ AND ______', 3),

       (5, 1, 'The pop() method of the array does which of the following task ?', 2),
       (5, 2, 'What is the fundamental rule of lexical scoping?', 4),
       (5, 3, 'What will happen if a return statement does not have an associated expression?', 5),
       (5, 4, 'JavaScript Code can be called by using', 2),
       (5, 5, 'What is the purpose of the parameter $name ', 1)
;


insert into questionAns(examId, questionNo, optionNo, optionValue, ansStatus)
values (1, 1, 1, 'ADD', true),
       (1, 1, 2, 'System.out', false),
       (1, 1, 3, 'AVEG', false),
       (1, 1, 4, 'MID', false),

       (1, 2, 1, 'Recog screen', false),
       (1, 2, 2, 'Point Screen', false),
       (1, 2, 3, 'Touch Screen', true),
       (1, 2, 4, 'Android Screen', false),

       (1, 3, 1, 'Software', false),
       (1, 3, 2, 'Output divice', false),
       (1, 3, 3, 'Input device', true),
       (1, 3, 4, 'Memory', false),

       (1, 4, 1, 'byte', true),
       (1, 4, 2, 'megabyte', false),
       (1, 4, 3, 'kilobyte', false),
       (1, 4, 4, 'None', false),

       (1, 5, 1, 'ROM', false),
       (1, 5, 2, 'RAM', true),
       (1, 5, 3, 'DVD', false),
       (1, 5, 4, 'Hard Disk', false),

       (2, 1, 1, 'Copy', false),
       (2, 1, 2, 'Soft copy', false),
       (2, 1, 3, 'Hard copy', true),
       (2, 1, 4, 'Paper', false),

       (2, 2, 1, 'World Whole Web', false),
       (2, 2, 2, 'Wide World Web', false),
       (2, 2, 3, 'Web World Wide', false),
       (2, 2, 4, 'World Wide Web', true),

       (2, 3, 1, 'Arithmetic logic unit, Mouse', false),
       (2, 3, 2, 'Arithmetic logic unit, Control unit', true),
       (2, 3, 3, 'Arithmetic logic unit, Integrated Circuits', false),
       (2, 3, 4, 'Control Unit, Monitor', false),

       (2, 4, 1, 'Content Metal Oxide Semiconductor', false),
       (2, 4, 2, 'Complementary Metal Oxide Semiconductor', true),
       (2, 4, 3, 'Complementary Metal Oxygen Semiconductor', false),
       (2, 4, 4, 'Complementary Metal Oscilator Semiconductor', false),

       (2, 5, 1, 'Vaccum Tubes', false),
       (2, 5, 2, 'Diodes', false),
       (2, 5, 3, 'VLSI Microprocessor', false),
       (2, 5, 4, 'Transistors', true),

       (3, 1, 1, '255 bytes', true),
       (3, 1, 2, '65, 535 bytes', false),
       (3, 1, 3, '256 bytes', false),
       (3, 1, 4, 'None of the mentioned', false),

       (3, 2, 1, 'Varchar', false),
       (3, 2, 2, 'Longtext', true),
       (3, 2, 3, 'Mediumtext', false),
       (3, 2, 4, 'Either a or b', false),

       (3, 3, 1, 'WHERE', true),
       (3, 3, 2, 'FROM', false),
       (3, 3, 3, 'ALTER', false),
       (3, 3, 4, 'None of the mentioned', false),

       (3, 4, 1, 'NO', true),
       (3, 4, 2, 'YES', false),
       (3, 4, 3, 'Maybe', false),
       (3, 4, 4, 'None of the mentioned', false),

       (3, 5, 1, 'DESC table_name;', true),
       (3, 5, 2, 'DESC table_name', false),
       (3, 5, 3, 'DESC', false),
       (3, 5, 4, 'None of the mentioned', false),

       (4, 1, 1, 'Rows returned by sub query', true),
       (4, 1, 2, 'Permanent tables', false),
       (4, 1, 3, 'Virtual tables', false),
       (4, 1, 4, 'All of the mentioned', false),

       (4, 2, 1, 'false', false),
       (4, 2, 2, 'Null', true),
       (4, 2, 3, 'Depend', false),
       (4, 2, 4, 'None of the mentioned', false),

       (4, 3, 1, 'All of the mentioned', false),
       (4, 3, 2, 'Operators', false),
       (4, 3, 3, 'Clauses', false),
       (4, 3, 4, 'Aggregate functions', true),

       (4, 4, 1, 'SELECT', false),
       (4, 4, 2, 'GROUP BY', true),
       (4, 4, 3, 'WHERE', false),
       (4, 4, 4, 'Both a and c', false),

       (4, 5, 1, 'Upper and lower limit;', false),
       (4, 5, 2, 'Lower and upper limit', true),
       (4, 5, 3, 'Both a and b', false),
       (4, 5, 4, 'None of the mentioned', false),

       (5, 1, 1, 'decrements the total length by 1', true),
       (5, 1, 2, 'increments the total length by 1', false),
       (5, 1, 3, 'prints the first element but no effect on the length', false),
       (5, 1, 4, 'None of the above', false),

       (5, 2, 1, 'Functions are declared in the scope', false),
       (5, 2, 2, 'Functions are executed using scope chain', true),
       (5, 2, 3, 'prints the first element but no effect on the length', false),
       (5, 2, 4, 'None of the above', false),

       (5, 3, 1, 'It returns the value 0', false),
       (5, 3, 2, 'It will throw an exception', false),
       (5, 3, 3, 'It returns the undefined value', true),
       (5, 3, 4, 'None of the mentioned', false),

       (5, 4, 1, 'RMI', false),
       (5, 4, 2, 'Triggering Event', false),
       (5, 4, 3, ' Preprocessor', false),
       (5, 4, 4, 'Function/Method', true),

       (5, 5, 1, 'Document Name', false),
       (5, 5, 2, 'Input Name', true),
       (5, 5, 3, 'Output name', false),
       (5, 5, 4, 'ID', false)
;
insert into studentMark(stdId, courseCode,deptId, examId, gotTotalMarks)
values ('6118194051', 'CSE315','2019', 1, 18),
       ('6118194052', 'EEE255','2020', 2, 18),
       ('6118194053', 'CSE341','3019', 3, 16),
       ('6118194054', 'CSE344','3021', 4, 14),
       ('6118194055', 'EEE281','4011', 5, 14)
;

insert into stdAnsScript(stdId, examId, questionNo, optionNo, ansStatus)
values ('6118194051', 1, 1, 3, false),
       ('6118194052', 2, 5, 4, true),
       ('6118194053', 3, 4, 2, false),
       ('6118194054', 4, 2, 1, false),
       ('6118194055', 5, 3, 3, true)
;

insert into result(stdId, courseCode, deptId, courseSession, cgpa, grade, semester)
values ('6118194051', 'CSE315','2019', 1, 3.75, 'A', 2),
       ('6118194052', 'EEE255','2020', 1, 3.95, 'A+', 2),
       ('6118194053', 'CSE341','3019', 1, 3.00, 'B', 3),
       ('6118194054', 'CSE344','3021', 2, 2.50, 'C+', 3),
       ('6118194055', 'EEE281','4011', 3, 4.00, 'A+', 4)
;